{
    "color": {
        "height": 2054,
        "width": 2456,
        "F": [
            2342.254150390625,
            2342.254150390625
        ],
        "C": [
            1254.2451171875,
            1030.093017578125
        ],
        "distortionC": [
            1254.2451171875,
            1030.093017578125
        ],
        "translation": [
            -45.16615676879883,
            -2.7633779048919679,
            -4.2343220710754398
        ],
        "rotation": [
            [
                0.9980093240737915,
                0.0011109561892226339,
                0.06305690854787827,
                0.0
            ],
            [
                -0.0006270806188695133,
                0.9999701976776123,
                -0.007692905142903328,
                0.0
            ],
            [
                -0.06306357681751251,
                0.007638049311935902,
                0.9979802966117859,
                0.0
            ],
            [
                0.0,
                0.0,
                0.0,
                1.0
            ]
        ],
        "distortion": [
            -0.0008495275396853685,
            0.00014401096268557012,
            -0.08109264820814133,
            0.12397337704896927,
            -0.06162777915596962
        ]
    },
    "ir": {
        "height": 1024,
        "width": 1280,
        "F": [
            954.2359619140625,
            954.2359619140625
        ],
        "C": [
            643.2462768554688,
            511.8523254394531
        ],
        "distortionC": [
            643.2462768554688,
            511.8523254394531
        ],
        "translation": [
            38.405879974365237,
            -196.42825317382813,
            4.687586307525635
        ],
        "rotation": [
            [
                0.981726348400116,
                -0.19002510607242585,
                -0.010191749781370163,
                0.0
            ],
            [
                0.1902935653924942,
                0.9799185395240784,
                0.05956558138132095,
                0.0
            ],
            [
                -0.0013318712590262294,
                -0.06041652336716652,
                0.9981723427772522,
                0.0
            ],
            [
                0.0,
                0.0,
                0.0,
                1.0
            ]
        ],
        "distortion": [
            -0.00045560242142528296,
            0.00020133840735070407,
            0.1267019659280777,
            -0.1029958575963974,
            -0.0009507803479209542
        ]
    }
}