{
    "color": {
        "height": 2054,
        "width": 2456,
        "F": [
            2336.25830078125,
            2336.25830078125
        ],
        "C": [
            1240.5006103515626,
            1053.53662109375
        ],
        "distortionC": [
            1240.5006103515626,
            1053.53662109375
        ],
        "translation": [
            -150.57713317871095,
            -3.292297124862671,
            -4.810420989990234
        ],
        "rotation": [
            [
                0.9981265068054199,
                -0.004601141903549433,
                0.061010390520095828,
                0.0
            ],
            [
                0.005204105284065008,
                0.9999391436576843,
                -0.009727749973535538,
                0.0
            ],
            [
                -0.06096191704273224,
                0.010027030482888222,
                0.9980897307395935,
                0.0
            ],
            [
                0.0,
                0.0,
                0.0,
                1.0
            ]
        ],
        "distortion": [
            0.0003921329043805599,
            0.00023226461780723184,
            -0.08169598877429962,
            0.12800288200378419,
            -0.07288207858800888
        ]
    },
    "ir": {
        "height": 0,
        "width": 0,
        "F": [
            1.0,
            1.0
        ],
        "C": [
            0.0,
            0.0
        ],
        "distortionC": [
            0.0,
            0.0
        ],
        "translation": [
            0.0,
            0.0,
            0.0
        ],
        "rotation": [
            [
                1.0,
                0.0,
                0.0,
                0.0
            ],
            [
                0.0,
                1.0,
                0.0,
                0.0
            ],
            [
                0.0,
                0.0,
                1.0,
                0.0
            ],
            [
                0.0,
                0.0,
                0.0,
                1.0
            ]
        ],
        "distortion": [
            0.0,
            0.0,
            0.0,
            0.0,
            0.0
        ]
    }
}