{
    "color": {
        "height": 2054,
        "width": 2456,
        "F": [
            2345.49853515625,
            2345.49853515625
        ],
        "C": [
            1239.2822265625,
            1010.6736450195313
        ],
        "distortionC": [
            1239.2822265625,
            1010.6736450195313
        ],
        "translation": [
            -52.4002685546875,
            2.6763317584991457,
            -3.289351224899292
        ],
        "rotation": [
            [
                0.9976941347122192,
                0.008208435960114003,
                0.06737224012613297,
                0.0
            ],
            [
                -0.008059072308242321,
                0.9999644160270691,
                -0.0024884704034775497,
                0.0
            ],
            [
                -0.06739027053117752,
                0.001939774607308209,
                0.9977248311042786,
                0.0
            ],
            [
                0.0,
                0.0,
                0.0,
                1.0
            ]
        ],
        "distortion": [
            -0.000549395801499486,
            -0.00039377945358864963,
            -0.07741386443376541,
            0.11236891895532608,
            -0.04638860747218132
        ]
    },
    "ir": {
        "height": 1024,
        "width": 1280,
        "F": [
            957.0042114257813,
            957.0042114257813
        ],
        "C": [
            611.7548217773438,
            509.9043884277344
        ],
        "distortionC": [
            611.7548217773438,
            509.9043884277344
        ],
        "translation": [
            41.85276794433594,
            -195.98045349121095,
            4.183323383331299
        ],
        "rotation": [
            [
                0.9765666723251343,
                -0.21521499752998353,
                0.00028293541981838644,
                0.0
            ],
            [
                0.21480600535869599,
                0.9747901558876038,
                0.06035366654396057,
                0.0
            ],
            [
                -0.013264816254377365,
                -0.05887860059738159,
                0.9981769919395447,
                0.0
            ],
            [
                0.0,
                0.0,
                0.0,
                1.0
            ]
        ],
        "distortion": [
            0.0005462208646349609,
            -0.000445627054432407,
            0.1278333067893982,
            -0.11024712026119232,
            0.006572728045284748
        ]
    }
}