{
    "color": {
        "height": 2054,
        "width": 2456,
        "F": [
            2341.09619140625,
            2341.09619140625
        ],
        "C": [
            1211.8685302734376,
            1031.44189453125
        ],
        "distortionC": [
            1211.8685302734376,
            1031.44189453125
        ],
        "translation": [
            -52.05500411987305,
            -0.5591996312141419,
            -3.3263726234436037
        ],
        "rotation": [
            [
                0.9999538064002991,
                -0.009042120538651944,
                0.003250878769904375,
                0.0
            ],
            [
                0.009040833450853825,
                0.9999590516090393,
                0.00041045015677809715,
                0.0
            ],
            [
                -0.0032544569112360479,
                -0.000381040561478585,
                0.9999946355819702,
                0.0
            ],
            [
                0.0,
                0.0,
                0.0,
                1.0
            ]
        ],
        "distortion": [
            0.0013181004906073213,
            -0.00009417757974006236,
            -0.08110971003770828,
            0.11960232257843018,
            -0.05359921231865883
        ]
    },
    "ir": {
        "height": 1024,
        "width": 1280,
        "F": [
            962.9671630859375,
            962.9671630859375
        ],
        "C": [
            617.8939819335938,
            545.298583984375
        ],
        "distortionC": [
            617.8939819335938,
            545.298583984375
        ],
        "translation": [
            63.60655975341797,
            -313.9451599121094,
            3.3124144077301027
        ],
        "rotation": [
            [
                0.9799864888191223,
                -0.19883599877357484,
                -0.009523173794150353,
                0.0
            ],
            [
                0.19905221462249757,
                0.9793258905410767,
                0.03604168817400932,
                0.0
            ],
            [
                0.0021599058527499439,
                -0.03721597418189049,
                0.9993048906326294,
                0.0
            ],
            [
                0.0,
                0.0,
                0.0,
                1.0
            ]
        ],
        "distortion": [
            0.0004944484098814428,
            -0.0006072330288589001,
            0.1284707933664322,
            -0.11568674445152283,
            0.012970354408025742
        ]
    }
}