{
    "color": {
        "height": 2054,
        "width": 2456,
        "F": [
            2340.615478515625,
            2340.615478515625
        ],
        "C": [
            1211.337646484375,
            1008.7943115234375
        ],
        "distortionC": [
            1211.337646484375,
            1008.7943115234375
        ],
        "translation": [
            -351.9858093261719,
            -1.306154727935791,
            12.973267555236817
        ],
        "rotation": [
            [
                0.9963575601577759,
                -0.0023442013189196588,
                0.0852413922548294,
                0.0
            ],
            [
                0.0022884150967001917,
                0.999997079372406,
                0.0007521568331867456,
                0.0
            ],
            [
                -0.08524291217327118,
                -0.0005543495062738657,
                0.9963600635528565,
                0.0
            ],
            [
                0.0,
                0.0,
                0.0,
                1.0
            ]
        ],
        "distortion": [
            -0.00038117056828923523,
            0.00026792881544679403,
            -0.07802996784448624,
            0.10769455134868622,
            -0.04004861041903496
        ]
    },
    "ir": {
        "height": 0,
        "width": 0,
        "F": [
            1.0,
            1.0
        ],
        "C": [
            0.0,
            0.0
        ],
        "distortionC": [
            0.0,
            0.0
        ],
        "translation": [
            0.0,
            0.0,
            0.0
        ],
        "rotation": [
            [
                1.0,
                0.0,
                0.0,
                0.0
            ],
            [
                0.0,
                1.0,
                0.0,
                0.0
            ],
            [
                0.0,
                0.0,
                1.0,
                0.0
            ],
            [
                0.0,
                0.0,
                0.0,
                1.0
            ]
        ],
        "distortion": [
            0.0,
            0.0,
            0.0,
            0.0,
            0.0
        ]
    }
}