{
    "color": {
        "height": 2054,
        "width": 2456,
        "F": [
            2335.614990234375,
            2335.614990234375
        ],
        "C": [
            1206.51953125,
            1029.05712890625
        ],
        "distortionC": [
            1206.51953125,
            1029.05712890625
        ],
        "translation": [
            -350.10113525390627,
            -3.203888416290283,
            11.072979927062989
        ],
        "rotation": [
            [
                0.99664705991745,
                -0.0012372027849778534,
                0.08181162923574448,
                0.0
            ],
            [
                0.0013981418451294304,
                0.9999971985816956,
                -0.001909930957481265,
                0.0
            ],
            [
                -0.08180903643369675,
                0.0020179112907499077,
                0.996645987033844,
                0.0
            ],
            [
                0.0,
                0.0,
                0.0,
                1.0
            ]
        ],
        "distortion": [
            -0.0011556652607396246,
            -0.00041903654346242547,
            -0.07894659787416458,
            0.1156383529305458,
            -0.055767957121133807
        ]
    },
    "ir": {
        "height": 0,
        "width": 0,
        "F": [
            1.0,
            1.0
        ],
        "C": [
            0.0,
            0.0
        ],
        "distortionC": [
            0.0,
            0.0
        ],
        "translation": [
            0.0,
            0.0,
            0.0
        ],
        "rotation": [
            [
                1.0,
                0.0,
                0.0,
                0.0
            ],
            [
                0.0,
                1.0,
                0.0,
                0.0
            ],
            [
                0.0,
                0.0,
                1.0,
                0.0
            ],
            [
                0.0,
                0.0,
                0.0,
                1.0
            ]
        ],
        "distortion": [
            0.0,
            0.0,
            0.0,
            0.0,
            0.0
        ]
    }
}