{
    "color": {
        "height": 2054,
        "width": 2456,
        "F": [
            2342.760498046875,
            2342.760498046875
        ],
        "C": [
            1222.0506591796876,
            1033.4176025390626
        ],
        "distortionC": [
            1222.0506591796876,
            1033.4176025390626
        ],
        "translation": [
            -47.39876174926758,
            0.5103984475135803,
            -5.7285237312316898
        ],
        "rotation": [
            [
                0.9998805522918701,
                0.0104680135846138,
                0.01136870589107275,
                0.0
            ],
            [
                -0.010467201471328736,
                0.9999452233314514,
                -0.00013096092152409256,
                0.0
            ],
            [
                -0.011369454674422741,
                0.000011946742233703845,
                0.9999353885650635,
                0.0
            ],
            [
                0.0,
                0.0,
                0.0,
                1.0
            ]
        ],
        "distortion": [
            0.0007745573529973626,
            0.00038430187851190567,
            -0.08401793241500855,
            0.13780029118061067,
            -0.07722451537847519
        ]
    },
    "ir": {
        "height": 1024,
        "width": 1280,
        "F": [
            959.5805053710938,
            959.5805053710938
        ],
        "C": [
            629.008544921875,
            521.91796875
        ],
        "distortionC": [
            629.008544921875,
            521.91796875
        ],
        "translation": [
            66.0363540649414,
            -313.5534973144531,
            1.520823359489441
        ],
        "rotation": [
            [
                0.9772690534591675,
                -0.2119317501783371,
                -0.005484079010784626,
                0.0
            ],
            [
                0.21199095249176026,
                0.9766157865524292,
                0.035796523094177249,
                0.0
            ],
            [
                -0.0022305811289697887,
                -0.0361454077064991,
                0.9993440508842468,
                0.0
            ],
            [
                0.0,
                0.0,
                0.0,
                1.0
            ]
        ],
        "distortion": [
            0.00036849683965556324,
            0.0001619583199499175,
            0.12315506488084793,
            -0.10731731355190277,
            0.005187368951737881
        ]
    }
}