{
    "color": {
        "height": 2054,
        "width": 2456,
        "F": [
            2342.555908203125,
            2342.555908203125
        ],
        "C": [
            1228.1859130859376,
            1051.47314453125
        ],
        "distortionC": [
            1228.1859130859376,
            1051.47314453125
        ],
        "translation": [
            -50.85300827026367,
            -1.4042035341262818,
            -4.328479290008545
        ],
        "rotation": [
            [
                0.9999286532402039,
                0.001472999225370586,
                0.01185446884483099,
                0.0
            ],
            [
                -0.0014246917562559248,
                0.9999906420707703,
                -0.004082457162439823,
                0.0
            ],
            [
                -0.011860371567308903,
                0.004065277054905891,
                0.9999213814735413,
                0.0
            ],
            [
                0.0,
                0.0,
                0.0,
                1.0
            ]
        ],
        "distortion": [
            0.0003939179005101323,
            -0.0001447909598937258,
            -0.08187026530504227,
            0.12318582087755203,
            -0.06293840706348419
        ]
    },
    "ir": {
        "height": 1024,
        "width": 1280,
        "F": [
            958.0286254882813,
            958.0286254882813
        ],
        "C": [
            635.8883056640625,
            492.4551696777344
        ],
        "distortionC": [
            635.8883056640625,
            492.4551696777344
        ],
        "translation": [
            65.04244232177735,
            -313.03753662109377,
            3.2343361377716066
        ],
        "rotation": [
            [
                0.9796818494796753,
                -0.2001074254512787,
                -0.01343484502285719,
                0.0
            ],
            [
                0.20052486658096314,
                0.9785362482070923,
                0.04750353470444679,
                0.0
            ],
            [
                0.0036406726576387884,
                -0.049232371151447299,
                0.9987807273864746,
                0.0
            ],
            [
                0.0,
                0.0,
                0.0,
                1.0
            ]
        ],
        "distortion": [
            -0.000537764688488096,
            0.0005439052474685013,
            0.11980526894330979,
            -0.09239156544208527,
            -0.011211007833480835
        ]
    }
}