{
    "color": {
        "height": 2054,
        "width": 2456,
        "F": [
            2337.06201171875,
            2337.06201171875
        ],
        "C": [
            1237.1453857421876,
            1024.11962890625
        ],
        "distortionC": [
            1237.1453857421876,
            1024.11962890625
        ],
        "translation": [
            -50.89917755126953,
            3.3557517528533937,
            -3.0483388900756838
        ],
        "rotation": [
            [
                0.998042643070221,
                0.0026428494602441789,
                0.0624813586473465,
                0.0
            ],
            [
                -0.002177998423576355,
                0.9999694228172302,
                -0.007506770547479391,
                0.0
            ],
            [
                -0.06249929219484329,
                0.007355993147939444,
                0.9980179071426392,
                0.0
            ],
            [
                0.0,
                0.0,
                0.0,
                1.0
            ]
        ],
        "distortion": [
            0.00016910952399484813,
            -0.0007312101079151034,
            -0.08604305982589722,
            0.13005085289478303,
            -0.07029887288808823
        ]
    },
    "ir": {
        "height": 1024,
        "width": 1280,
        "F": [
            956.897705078125,
            956.897705078125
        ],
        "C": [
            625.5223388671875,
            535.061767578125
        ],
        "distortionC": [
            625.5223388671875,
            535.061767578125
        ],
        "translation": [
            39.965999603271487,
            -196.39451599121095,
            4.03170919418335
        ],
        "rotation": [
            [
                0.9790570139884949,
                -0.20316648483276368,
                -0.013067448511719704,
                0.0
            ],
            [
                0.2035762220621109,
                0.9776283502578735,
                0.052910979837179187,
                0.0
            ],
            [
                0.0020253704860806467,
                -0.054463088512420657,
                0.9985137581825256,
                0.0
            ],
            [
                0.0,
                0.0,
                0.0,
                1.0
            ]
        ],
        "distortion": [
            0.00042049679905176163,
            0.00010364979243604466,
            0.12871481478214265,
            -0.11656083166599274,
            0.014381559565663338
        ]
    }
}