{
    "color": {
        "height": 2054,
        "width": 2456,
        "F": [
            2332.25830078125,
            2332.25830078125
        ],
        "C": [
            1194.442138671875,
            1037.226806640625
        ],
        "distortionC": [
            1194.442138671875,
            1037.226806640625
        ],
        "translation": [
            -155.9645233154297,
            4.166859149932861,
            -3.6949191093444826
        ],
        "rotation": [
            [
                0.9979492425918579,
                0.007331219036132097,
                0.06358888000249863,
                0.0
            ],
            [
                -0.0069101047702133659,
                0.9999527335166931,
                -0.006839854642748833,
                0.0
            ],
            [
                -0.06363601237535477,
                0.006386421620845795,
                0.9979527592658997,
                0.0
            ],
            [
                0.0,
                0.0,
                0.0,
                1.0
            ]
        ],
        "distortion": [
            0.00038153823697939515,
            0.00021129651577211916,
            -0.07951907068490982,
            0.11227626353502274,
            -0.050162047147750857
        ]
    },
    "ir": {
        "height": 0,
        "width": 0,
        "F": [
            1.0,
            1.0
        ],
        "C": [
            0.0,
            0.0
        ],
        "distortionC": [
            0.0,
            0.0
        ],
        "translation": [
            0.0,
            0.0,
            0.0
        ],
        "rotation": [
            [
                1.0,
                0.0,
                0.0,
                0.0
            ],
            [
                0.0,
                1.0,
                0.0,
                0.0
            ],
            [
                0.0,
                0.0,
                1.0,
                0.0
            ],
            [
                0.0,
                0.0,
                0.0,
                1.0
            ]
        ],
        "distortion": [
            0.0,
            0.0,
            0.0,
            0.0,
            0.0
        ]
    }
}