{
    "color": {
        "height": 2054,
        "width": 2456,
        "F": [
            2342.80078125,
            2342.80078125
        ],
        "C": [
            1228.731689453125,
            1027.6893310546876
        ],
        "distortionC": [
            1228.731689453125,
            1027.6893310546876
        ],
        "translation": [
            -145.33860778808595,
            5.318511486053467,
            -0.4997865855693817
        ],
        "rotation": [
            [
                0.9982513189315796,
                0.0026211238000541927,
                0.05905454605817795,
                0.0
            ],
            [
                -0.0021062924060970546,
                0.9999592304229736,
                -0.008778458461165429,
                0.0
            ],
            [
                -0.05907514691352844,
                0.008638720959424973,
                0.9982161521911621,
                0.0
            ],
            [
                0.0,
                0.0,
                0.0,
                1.0
            ]
        ],
        "distortion": [
            0.00012044881441397592,
            -0.0008277274901047349,
            -0.08015267550945282,
            0.12219934165477753,
            -0.06310288608074188
        ]
    },
    "ir": {
        "height": 0,
        "width": 0,
        "F": [
            1.0,
            1.0
        ],
        "C": [
            0.0,
            0.0
        ],
        "distortionC": [
            0.0,
            0.0
        ],
        "translation": [
            0.0,
            0.0,
            0.0
        ],
        "rotation": [
            [
                1.0,
                0.0,
                0.0,
                0.0
            ],
            [
                0.0,
                1.0,
                0.0,
                0.0
            ],
            [
                0.0,
                0.0,
                1.0,
                0.0
            ],
            [
                0.0,
                0.0,
                0.0,
                1.0
            ]
        ],
        "distortion": [
            0.0,
            0.0,
            0.0,
            0.0,
            0.0
        ]
    }
}