{
    "color": {
        "height": 2054,
        "width": 2456,
        "F": [
            2341.301513671875,
            2341.301513671875
        ],
        "C": [
            1227.5655517578126,
            1017.6838989257813
        ],
        "distortionC": [
            1227.5655517578126,
            1017.6838989257813
        ],
        "translation": [
            -37.60179138183594,
            6.560850143432617,
            -2.505272150039673
        ],
        "rotation": [
            [
                0.9984791874885559,
                -0.0016296154353767634,
                0.05510546267032623,
                0.0
            ],
            [
                0.0025827104691416027,
                0.9998482465744019,
                -0.017229046672582628,
                0.0
            ],
            [
                -0.05506902188062668,
                0.017345167696475984,
                0.9983319044113159,
                0.0
            ],
            [
                0.0,
                0.0,
                0.0,
                1.0
            ]
        ],
        "distortion": [
            0.0007331018568947911,
            0.0006498738075606525,
            -0.08213769644498825,
            0.12505976855754853,
            -0.05985114350914955
        ]
    },
    "ir": {
        "height": 512,
        "width": 640,
        "F": [
            479.28399658203127,
            479.28399658203127
        ],
        "C": [
            310.53765869140627,
            265.0704650878906
        ],
        "distortionC": [
            310.53765869140627,
            265.0704650878906
        ],
        "translation": [
            40.372371673583987,
            -196.00094604492188,
            4.508013725280762
        ],
        "rotation": [
            [
                0.9794824719429016,
                -0.20107604563236237,
                -0.013509172014892102,
                0.0
            ],
            [
                0.20152738690376283,
                0.97756427526474,
                0.061276257038116458,
                0.0
            ],
            [
                0.0008848973666317761,
                -0.0627414882183075,
                0.9980294108390808,
                0.0
            ],
            [
                0.0,
                0.0,
                0.0,
                1.0
            ]
        ],
        "distortion": [
            0.00039444511639885604,
            -0.00017133200890384614,
            0.1268099546432495,
            -0.11121569573879242,
            0.009971242398023606
        ]
    }
}