{
    "color": {
        "height": 2054,
        "width": 2456,
        "F": [
            2340.307373046875,
            2340.307373046875
        ],
        "C": [
            1210.5030517578126,
            1022.8685913085938
        ],
        "distortionC": [
            1210.5030517578126,
            1022.8685913085938
        ],
        "translation": [
            -155.2666473388672,
            0.0012046464253216982,
            -2.6856229305267336
        ],
        "rotation": [
            [
                0.997478723526001,
                0.0036630656104534866,
                0.07087130844593048,
                0.0
            ],
            [
                -0.0037023613695055248,
                0.999993085861206,
                0.00042311163269914687,
                0.0
            ],
            [
                -0.07086926698684693,
                -0.0006844360614195466,
                0.9974853992462158,
                0.0
            ],
            [
                0.0,
                0.0,
                0.0,
                1.0
            ]
        ],
        "distortion": [
            0.0004832334816455841,
            -0.0009253123425878584,
            -0.07925831526517868,
            0.12830233573913575,
            -0.06511127203702927
        ]
    },
    "ir": {
        "height": 0,
        "width": 0,
        "F": [
            1.0,
            1.0
        ],
        "C": [
            0.0,
            0.0
        ],
        "distortionC": [
            0.0,
            0.0
        ],
        "translation": [
            0.0,
            0.0,
            0.0
        ],
        "rotation": [
            [
                1.0,
                0.0,
                0.0,
                0.0
            ],
            [
                0.0,
                1.0,
                0.0,
                0.0
            ],
            [
                0.0,
                0.0,
                1.0,
                0.0
            ],
            [
                0.0,
                0.0,
                0.0,
                1.0
            ]
        ],
        "distortion": [
            0.0,
            0.0,
            0.0,
            0.0,
            0.0
        ]
    }
}