{
    "color": {
        "height": 2054,
        "width": 2456,
        "F": [
            2341.752685546875,
            2341.752685546875
        ],
        "C": [
            1227.5460205078126,
            1016.0874633789063
        ],
        "distortionC": [
            1227.5460205078126,
            1016.0874633789063
        ],
        "translation": [
            -50.34178161621094,
            -0.05548514053225517,
            -2.3531248569488527
        ],
        "rotation": [
            [
                0.9974341988563538,
                0.0008599537541158497,
                0.07158427685499191,
                0.0
            ],
            [
                -0.0008648320217616856,
                0.9999996423721314,
                0.00003715358252520673,
                0.0
            ],
            [
                -0.07158421725034714,
                -0.00009896662959363312,
                0.9974345564842224,
                0.0
            ],
            [
                0.0,
                0.0,
                0.0,
                1.0
            ]
        ],
        "distortion": [
            -0.00011290054681012407,
            -0.0008921583066694438,
            -0.08441471308469773,
            0.12896469235420228,
            -0.06714436411857605
        ]
    },
    "ir": {
        "height": 1024,
        "width": 1280,
        "F": [
            957.759521484375,
            957.759521484375
        ],
        "C": [
            625.3653564453125,
            483.32232666015627
        ],
        "distortionC": [
            625.3653564453125,
            483.32232666015627
        ],
        "translation": [
            41.37446212768555,
            -195.88148498535157,
            4.1131391525268559
        ],
        "rotation": [
            [
                0.977340579032898,
                -0.21145807206630708,
                -0.009535703808069229,
                0.0
            ],
            [
                0.21163378655910493,
                0.9753009080886841,
                0.06323963403701782,
                0.0
            ],
            [
                -0.004072349984198809,
                -0.06382473558187485,
                0.9979528188705444,
                0.0
            ],
            [
                0.0,
                0.0,
                0.0,
                1.0
            ]
        ],
        "distortion": [
            -0.00007415554136969149,
            -0.0002220544993178919,
            0.12467702478170395,
            -0.10726829618215561,
            0.0028796910773962738
        ]
    }
}