{
    "color": {
        "height": 2054,
        "width": 2456,
        "F": [
            2342.385986328125,
            2342.385986328125
        ],
        "C": [
            1200.3988037109376,
            1027.9617919921876
        ],
        "distortionC": [
            1200.3988037109376,
            1027.9617919921876
        ],
        "translation": [
            -50.54645538330078,
            -2.1428487300872804,
            -5.4410481452941898
        ],
        "rotation": [
            [
                0.9999400973320007,
                0.004828304518014193,
                0.009820427745580674,
                0.0
            ],
            [
                -0.004817599896341562,
                0.999987781047821,
                -0.0011134380474686623,
                0.0
            ],
            [
                -0.009825684130191803,
                0.0010660605039447547,
                0.999951183795929,
                0.0
            ],
            [
                0.0,
                0.0,
                0.0,
                1.0
            ]
        ],
        "distortion": [
            0.0005079358816146851,
            -0.001055004890076816,
            -0.08330056071281433,
            0.13678522408008576,
            -0.08200271427631378
        ]
    },
    "ir": {
        "height": 1024,
        "width": 1280,
        "F": [
            958.6627197265625,
            958.6627197265625
        ],
        "C": [
            621.495849609375,
            504.8469543457031
        ],
        "distortionC": [
            621.495849609375,
            504.8469543457031
        ],
        "translation": [
            65.04407501220703,
            -313.7308654785156,
            2.331636428833008
        ],
        "rotation": [
            [
                0.9781614542007446,
                -0.20766618847846986,
                -0.008655334822833538,
                0.0
            ],
            [
                0.20784451067447663,
                0.9774852395057678,
                0.03637603297829628,
                0.0
            ],
            [
                0.000906390487216413,
                -0.03738059476017952,
                0.9993007183074951,
                0.0
            ],
            [
                0.0,
                0.0,
                0.0,
                1.0
            ]
        ],
        "distortion": [
            0.000411573942983523,
            0.00017807137919589877,
            0.12941232323646546,
            -0.1210240051150322,
            0.01706506311893463
        ]
    }
}