{
    "color": {
        "height": 2054,
        "width": 2456,
        "F": [
            2338.326904296875,
            2338.326904296875
        ],
        "C": [
            1219.2198486328126,
            1047.7645263671876
        ],
        "distortionC": [
            1219.2198486328126,
            1047.7645263671876
        ],
        "translation": [
            -349.9421691894531,
            -5.675120830535889,
            8.140460968017579
        ],
        "rotation": [
            [
                0.9969683885574341,
                -0.0038621597923338415,
                0.07771188765764237,
                0.0
            ],
            [
                0.003971208352595568,
                0.9999913573265076,
                -0.0012487536296248437,
                0.0
            ],
            [
                -0.07770638912916184,
                0.00155357806943357,
                0.9969750642776489,
                0.0
            ],
            [
                0.0,
                0.0,
                0.0,
                1.0
            ]
        ],
        "distortion": [
            0.0004685834574047476,
            -0.0008521449635736644,
            -0.08033955097198487,
            0.12180386483669281,
            -0.06315793842077255
        ]
    },
    "ir": {
        "height": 0,
        "width": 0,
        "F": [
            1.0,
            1.0
        ],
        "C": [
            0.0,
            0.0
        ],
        "distortionC": [
            0.0,
            0.0
        ],
        "translation": [
            0.0,
            0.0,
            0.0
        ],
        "rotation": [
            [
                1.0,
                0.0,
                0.0,
                0.0
            ],
            [
                0.0,
                1.0,
                0.0,
                0.0
            ],
            [
                0.0,
                0.0,
                1.0,
                0.0
            ],
            [
                0.0,
                0.0,
                0.0,
                1.0
            ]
        ],
        "distortion": [
            0.0,
            0.0,
            0.0,
            0.0,
            0.0
        ]
    }
}