{
    "color": {
        "height": 2054,
        "width": 2456,
        "F": [
            2338.176025390625,
            2338.176025390625
        ],
        "C": [
            1249.1826171875,
            1020.1614990234375
        ],
        "distortionC": [
            1249.1826171875,
            1020.1614990234375
        ],
        "translation": [
            -349.4409484863281,
            1.694092869758606,
            8.461481094360352
        ],
        "rotation": [
            [
                0.9966632127761841,
                0.010737775824964047,
                0.0809141993522644,
                0.0
            ],
            [
                -0.010285893455147744,
                0.9999291300773621,
                -0.00599947664886713,
                0.0
            ],
            [
                -0.08097288012504578,
                0.005147183313965797,
                0.996703028678894,
                0.0
            ],
            [
                0.0,
                0.0,
                0.0,
                1.0
            ]
        ],
        "distortion": [
            -0.00038226298056542873,
            0.0007997859502211213,
            -0.0791606456041336,
            0.11931212246417999,
            -0.06073784828186035
        ]
    },
    "ir": {
        "height": 0,
        "width": 0,
        "F": [
            1.0,
            1.0
        ],
        "C": [
            0.0,
            0.0
        ],
        "distortionC": [
            0.0,
            0.0
        ],
        "translation": [
            0.0,
            0.0,
            0.0
        ],
        "rotation": [
            [
                1.0,
                0.0,
                0.0,
                0.0
            ],
            [
                0.0,
                1.0,
                0.0,
                0.0
            ],
            [
                0.0,
                0.0,
                1.0,
                0.0
            ],
            [
                0.0,
                0.0,
                0.0,
                1.0
            ]
        ],
        "distortion": [
            0.0,
            0.0,
            0.0,
            0.0,
            0.0
        ]
    }
}