{
    "color": {
        "height": 2054,
        "width": 2456,
        "F": [
            2328.05078125,
            2328.05078125
        ],
        "C": [
            1221.6988525390626,
            1039.7822265625
        ],
        "distortionC": [
            1221.6988525390626,
            1039.7822265625
        ],
        "translation": [
            -153.81301879882813,
            2.8551955223083498,
            -4.737452030181885
        ],
        "rotation": [
            [
                0.9976943135261536,
                0.003794635646045208,
                0.06776203215122223,
                0.0
            ],
            [
                -0.003946983255445957,
                0.9999899864196777,
                0.0021145357750356199,
                0.0
            ],
            [
                -0.06775332987308502,
                -0.0023771158885210754,
                0.9976992607116699,
                0.0
            ],
            [
                0.0,
                0.0,
                0.0,
                1.0
            ]
        ],
        "distortion": [
            -0.0001873059809440747,
            0.0009986726799979807,
            -0.08366793394088745,
            0.12099602073431015,
            -0.060247376561164859
        ]
    },
    "ir": {
        "height": 0,
        "width": 0,
        "F": [
            1.0,
            1.0
        ],
        "C": [
            0.0,
            0.0
        ],
        "distortionC": [
            0.0,
            0.0
        ],
        "translation": [
            0.0,
            0.0,
            0.0
        ],
        "rotation": [
            [
                1.0,
                0.0,
                0.0,
                0.0
            ],
            [
                0.0,
                1.0,
                0.0,
                0.0
            ],
            [
                0.0,
                0.0,
                1.0,
                0.0
            ],
            [
                0.0,
                0.0,
                0.0,
                1.0
            ]
        ],
        "distortion": [
            0.0,
            0.0,
            0.0,
            0.0,
            0.0
        ]
    }
}