{
    "color": {
        "height": 2054,
        "width": 2456,
        "F": [
            2336.71533203125,
            2336.71533203125
        ],
        "C": [
            1218.6563720703126,
            1014.7924194335938
        ],
        "distortionC": [
            1218.6563720703126,
            1014.7924194335938
        ],
        "translation": [
            -47.39646911621094,
            -0.1993035227060318,
            -4.849013805389404
        ],
        "rotation": [
            [
                0.9978964328765869,
                0.004698015283793211,
                0.06465781480073929,
                0.0
            ],
            [
                -0.004999647848308086,
                0.9999773502349854,
                0.004504047334194183,
                0.0
            ],
            [
                -0.06463519483804703,
                -0.004817838780581951,
                0.9978973269462586,
                0.0
            ],
            [
                0.0,
                0.0,
                0.0,
                1.0
            ]
        ],
        "distortion": [
            0.00030765729025006294,
            -0.0007395267020910978,
            -0.08135729283094406,
            0.11980602145195008,
            -0.054018326103687289
        ]
    },
    "ir": {
        "height": 1024,
        "width": 1280,
        "F": [
            955.6578979492188,
            955.6578979492188
        ],
        "C": [
            619.27392578125,
            514.6986083984375
        ],
        "distortionC": [
            619.27392578125,
            514.6986083984375
        ],
        "translation": [
            41.19039535522461,
            -195.74449157714845,
            3.1737287044525148
        ],
        "rotation": [
            [
                0.9778355956077576,
                -0.2090575098991394,
                -0.01151092816144228,
                0.0
            ],
            [
                0.20936812460422517,
                0.975911021232605,
                0.061340995132923129,
                0.0
            ],
            [
                -0.001590154366567731,
                -0.062391430139541629,
                0.9980505108833313,
                0.0
            ],
            [
                0.0,
                0.0,
                0.0,
                1.0
            ]
        ],
        "distortion": [
            0.00003769214163185097,
            0.0004106902633793652,
            0.128748819231987,
            -0.10969512164592743,
            0.008742498233914376
        ]
    }
}