{
    "color": {
        "height": 2054,
        "width": 2456,
        "F": [
            2338.203857421875,
            2338.203857421875
        ],
        "C": [
            1265.7938232421876,
            992.8120727539063
        ],
        "distortionC": [
            1265.7938232421876,
            992.8120727539063
        ],
        "translation": [
            -51.546287536621097,
            -0.9622048735618591,
            -2.60074520111084
        ],
        "rotation": [
            [
                0.9998144507408142,
                0.0016519585624337197,
                0.019192589446902276,
                0.0
            ],
            [
                -0.0015106664504855872,
                0.9999716877937317,
                -0.007373976521193981,
                0.0
            ],
            [
                -0.01920422725379467,
                0.007343614473938942,
                0.9997886419296265,
                0.0
            ],
            [
                0.0,
                0.0,
                0.0,
                1.0
            ]
        ],
        "distortion": [
            -0.0002558260166551918,
            -0.00009051425149664283,
            -0.08408065140247345,
            0.1348004788160324,
            -0.0787992775440216
        ]
    },
    "ir": {
        "height": 1024,
        "width": 1280,
        "F": [
            960.816650390625,
            960.816650390625
        ],
        "C": [
            635.970458984375,
            559.9041748046875
        ],
        "distortionC": [
            635.970458984375,
            559.9041748046875
        ],
        "translation": [
            66.87596893310547,
            -313.4117431640625,
            2.5122008323669435
        ],
        "rotation": [
            [
                0.977499783039093,
                -0.21005141735076905,
                -0.019302505999803544,
                0.0
            ],
            [
                0.21071748435497285,
                0.9765564799308777,
                0.043994758278131488,
                0.0
            ],
            [
                0.009608826600015164,
                -0.04707224294543266,
                0.9988452792167664,
                0.0
            ],
            [
                0.0,
                0.0,
                0.0,
                1.0
            ]
        ],
        "distortion": [
            -0.0006382984574884176,
            0.00010193889465881512,
            0.1219160258769989,
            -0.10269399732351303,
            0.001405507791787386
        ]
    }
}