{
    "color": {
        "height": 2054,
        "width": 2456,
        "F": [
            2340.429443359375,
            2340.429443359375
        ],
        "C": [
            1249.97998046875,
            1067.6510009765626
        ],
        "distortionC": [
            1249.97998046875,
            1067.6510009765626
        ],
        "translation": [
            -352.190185546875,
            -0.8028346300125122,
            12.345142364501954
        ],
        "rotation": [
            [
                0.9956607818603516,
                -0.0009924651822075248,
                0.09305153787136078,
                0.0
            ],
            [
                0.0018827127059921623,
                0.9999532699584961,
                -0.009479954838752747,
                0.0
            ],
            [
                -0.09303778409957886,
                0.009614008478820324,
                0.9956161379814148,
                0.0
            ],
            [
                0.0,
                0.0,
                0.0,
                1.0
            ]
        ],
        "distortion": [
            -0.000013603646038973239,
            0.0001606302976142615,
            -0.07724294066429138,
            0.10664693266153336,
            -0.04164659604430199
        ]
    },
    "ir": {
        "height": 0,
        "width": 0,
        "F": [
            1.0,
            1.0
        ],
        "C": [
            0.0,
            0.0
        ],
        "distortionC": [
            0.0,
            0.0
        ],
        "translation": [
            0.0,
            0.0,
            0.0
        ],
        "rotation": [
            [
                1.0,
                0.0,
                0.0,
                0.0
            ],
            [
                0.0,
                1.0,
                0.0,
                0.0
            ],
            [
                0.0,
                0.0,
                1.0,
                0.0
            ],
            [
                0.0,
                0.0,
                0.0,
                1.0
            ]
        ],
        "distortion": [
            0.0,
            0.0,
            0.0,
            0.0,
            0.0
        ]
    }
}