{
    "color": {
        "height": 2054,
        "width": 2456,
        "F": [
            2333.034912109375,
            2333.034912109375
        ],
        "C": [
            1214.288330078125,
            1000.4640502929688
        ],
        "distortionC": [
            1214.288330078125,
            1000.4640502929688
        ],
        "translation": [
            -155.8666534423828,
            -2.0228726863861086,
            -2.508265495300293
        ],
        "rotation": [
            [
                0.9978960156440735,
                -0.005258513148874044,
                0.0646212249994278,
                0.0
            ],
            [
                0.004992995876818895,
                0.9999784231185913,
                0.004269631579518318,
                0.0
            ],
            [
                -0.0646422803401947,
                -0.003937995061278343,
                0.9979007244110107,
                0.0
            ],
            [
                0.0,
                0.0,
                0.0,
                1.0
            ]
        ],
        "distortion": [
            -0.00013467574899550527,
            0.00016073144797701389,
            -0.08175233751535416,
            0.12164507061243057,
            -0.05883757025003433
        ]
    },
    "ir": {
        "height": 0,
        "width": 0,
        "F": [
            1.0,
            1.0
        ],
        "C": [
            0.0,
            0.0
        ],
        "distortionC": [
            0.0,
            0.0
        ],
        "translation": [
            0.0,
            0.0,
            0.0
        ],
        "rotation": [
            [
                1.0,
                0.0,
                0.0,
                0.0
            ],
            [
                0.0,
                1.0,
                0.0,
                0.0
            ],
            [
                0.0,
                0.0,
                1.0,
                0.0
            ],
            [
                0.0,
                0.0,
                0.0,
                1.0
            ]
        ],
        "distortion": [
            0.0,
            0.0,
            0.0,
            0.0,
            0.0
        ]
    }
}