{
    "color": {
        "height": 2054,
        "width": 2456,
        "F": [
            2343.054931640625,
            2343.054931640625
        ],
        "C": [
            1197.874267578125,
            1066.966064453125
        ],
        "distortionC": [
            1197.874267578125,
            1066.966064453125
        ],
        "translation": [
            -46.402435302734378,
            -0.9669317007064819,
            -4.159133434295654
        ],
        "rotation": [
            [
                0.9999213814735413,
                -0.004895723890513182,
                0.011544352397322655,
                0.0
            ],
            [
                0.004979403223842382,
                0.9999614357948303,
                -0.007230923976749182,
                0.0
            ],
            [
                -0.01150850672274828,
                0.00728783942759037,
                0.9999071955680847,
                0.0
            ],
            [
                0.0,
                0.0,
                0.0,
                1.0
            ]
        ],
        "distortion": [
            0.0002003430126933381,
            -0.00021654156444128603,
            -0.08391884714365006,
            0.13034725189208985,
            -0.06862260401248932
        ]
    },
    "ir": {
        "height": 1024,
        "width": 1280,
        "F": [
            956.2318725585938,
            956.2318725585938
        ],
        "C": [
            621.4650268554688,
            538.2452392578125
        ],
        "distortionC": [
            621.4650268554688,
            538.2452392578125
        ],
        "translation": [
            63.44514083862305,
            -313.8023376464844,
            3.2982068061828615
        ],
        "rotation": [
            [
                0.9803009629249573,
                -0.1974499672651291,
                -0.004856884013861418,
                0.0
            ],
            [
                0.19748365879058839,
                0.9794760346412659,
                0.04033556953072548,
                0.0
            ],
            [
                -0.003207055851817131,
                -0.040500152856111529,
                0.9991743564605713,
                0.0
            ],
            [
                0.0,
                0.0,
                0.0,
                1.0
            ]
        ],
        "distortion": [
            -0.00014062617265153676,
            -0.0002882468397729099,
            0.12455527484416962,
            -0.1064968854188919,
            0.004121640231460333
        ]
    }
}