{
    "color": {
        "height": 2054,
        "width": 2456,
        "F": [
            2340.109130859375,
            2340.109130859375
        ],
        "C": [
            1231.724609375,
            1024.53564453125
        ],
        "distortionC": [
            1231.724609375,
            1024.53564453125
        ],
        "translation": [
            -345.749267578125,
            -1.7657248973846436,
            8.352527618408204
        ],
        "rotation": [
            [
                0.9971144199371338,
                -0.004503863397985697,
                0.07577972114086151,
                0.0
            ],
            [
                0.005006284918636084,
                0.9999667406082153,
                -0.0064413659274578098,
                0.0
            ],
            [
                -0.07574819028377533,
                0.0068021537736058239,
                0.997103750705719,
                0.0
            ],
            [
                0.0,
                0.0,
                0.0,
                1.0
            ]
        ],
        "distortion": [
            0.0003571806300897151,
            0.0008501051343046129,
            -0.0768963098526001,
            0.1082007959485054,
            -0.045363929122686389
        ]
    },
    "ir": {
        "height": 0,
        "width": 0,
        "F": [
            1.0,
            1.0
        ],
        "C": [
            0.0,
            0.0
        ],
        "distortionC": [
            0.0,
            0.0
        ],
        "translation": [
            0.0,
            0.0,
            0.0
        ],
        "rotation": [
            [
                1.0,
                0.0,
                0.0,
                0.0
            ],
            [
                0.0,
                1.0,
                0.0,
                0.0
            ],
            [
                0.0,
                0.0,
                1.0,
                0.0
            ],
            [
                0.0,
                0.0,
                0.0,
                1.0
            ]
        ],
        "distortion": [
            0.0,
            0.0,
            0.0,
            0.0,
            0.0
        ]
    }
}