{
    "color": {
        "height": 2054,
        "width": 2456,
        "F": [
            2335.46875,
            2335.46875
        ],
        "C": [
            1255.556884765625,
            1031.3145751953126
        ],
        "distortionC": [
            1255.556884765625,
            1031.3145751953126
        ],
        "translation": [
            -155.1177215576172,
            -0.7207268476486206,
            -1.7087771892547608
        ],
        "rotation": [
            [
                0.9975113272666931,
                0.000977133633568883,
                0.07049978524446488,
                0.0
            ],
            [
                -0.001484645763412118,
                0.9999733567237854,
                0.007146735209971666,
                0.0
            ],
            [
                -0.07049091905355454,
                -0.007233616430312395,
                0.9974861741065979,
                0.0
            ],
            [
                0.0,
                0.0,
                0.0,
                1.0
            ]
        ],
        "distortion": [
            0.00011492650810396299,
            0.00044474759488366544,
            -0.08220981806516648,
            0.12515705823898316,
            -0.0687137097120285
        ]
    },
    "ir": {
        "height": 0,
        "width": 0,
        "F": [
            1.0,
            1.0
        ],
        "C": [
            0.0,
            0.0
        ],
        "distortionC": [
            0.0,
            0.0
        ],
        "translation": [
            0.0,
            0.0,
            0.0
        ],
        "rotation": [
            [
                1.0,
                0.0,
                0.0,
                0.0
            ],
            [
                0.0,
                1.0,
                0.0,
                0.0
            ],
            [
                0.0,
                0.0,
                1.0,
                0.0
            ],
            [
                0.0,
                0.0,
                0.0,
                1.0
            ]
        ],
        "distortion": [
            0.0,
            0.0,
            0.0,
            0.0,
            0.0
        ]
    }
}