{
    "color": {
        "height": 2054,
        "width": 2456,
        "F": [
            2331.39990234375,
            2331.39990234375
        ],
        "C": [
            1235.1907958984376,
            1078.0439453125
        ],
        "distortionC": [
            1235.1907958984376,
            1078.0439453125
        ],
        "translation": [
            -50.03684997558594,
            0.49573761224746706,
            -2.023350477218628
        ],
        "rotation": [
            [
                0.997765064239502,
                0.0037124669179320337,
                0.06671691685914993,
                0.0
            ],
            [
                -0.0038666194304823877,
                0.9999901652336121,
                0.0021815658546984197,
                0.0
            ],
            [
                -0.06670815497636795,
                -0.0024346590507775547,
                0.9977695345878601,
                0.0
            ],
            [
                0.0,
                0.0,
                0.0,
                1.0
            ]
        ],
        "distortion": [
            -0.0004773170512635261,
            -0.00093790830578655,
            -0.08670616894960404,
            0.13986815512180329,
            -0.08293396234512329
        ]
    },
    "ir": {
        "height": 1024,
        "width": 1280,
        "F": [
            954.6318969726563,
            954.6318969726563
        ],
        "C": [
            624.1818237304688,
            524.5411987304688
        ],
        "distortionC": [
            624.1818237304688,
            524.5411987304688
        ],
        "translation": [
            41.82294464111328,
            -195.83795166015626,
            4.6036295890808109
        ],
        "rotation": [
            [
                0.9770328998565674,
                -0.21308283507823945,
                0.0015501868911087514,
                0.0
            ],
            [
                0.2125467211008072,
                0.9750415086746216,
                0.06417100131511688,
                0.0
            ],
            [
                -0.015185235068202019,
                -0.06236769258975983,
                0.9979377388954163,
                0.0
            ],
            [
                0.0,
                0.0,
                0.0,
                1.0
            ]
        ],
        "distortion": [
            0.0004381406179163605,
            0.00011847952555399388,
            0.1266818791627884,
            -0.11143653094768524,
            0.00857507809996605
        ]
    }
}