{
    "color": {
        "height": 2054,
        "width": 2456,
        "F": [
            2342.9296875,
            2342.9296875
        ],
        "C": [
            1219.7261962890626,
            1081.273681640625
        ],
        "distortionC": [
            1219.7261962890626,
            1081.273681640625
        ],
        "translation": [
            -49.14126205444336,
            0.5186169743537903,
            -3.117499351501465
        ],
        "rotation": [
            [
                0.9997910261154175,
                -0.003490004688501358,
                0.02014133520424366,
                0.0
            ],
            [
                0.0035897530615329744,
                0.9999814629554749,
                -0.004918395075947046,
                0.0
            ],
            [
                -0.0201237965375185,
                0.0049896701239049438,
                0.9997850656509399,
                0.0
            ],
            [
                0.0,
                0.0,
                0.0,
                1.0
            ]
        ],
        "distortion": [
            0.0008317157626152039,
            -0.00028744639712385833,
            -0.08324632048606873,
            0.13372394442558289,
            -0.07589385658502579
        ]
    },
    "ir": {
        "height": 1024,
        "width": 1280,
        "F": [
            960.9859008789063,
            960.9859008789063
        ],
        "C": [
            628.9970092773438,
            561.7567749023438
        ],
        "distortionC": [
            628.9970092773438,
            561.7567749023438
        ],
        "translation": [
            67.46084594726563,
            -313.035400390625,
            2.6407582759857179
        ],
        "rotation": [
            [
                0.9774574637413025,
                -0.21067282557487489,
                -0.013924974948167801,
                0.0
            ],
            [
                0.21109575033187867,
                0.9763903617858887,
                0.04583071917295456,
                0.0
            ],
            [
                0.003940923605114222,
                -0.04773708060383797,
                0.9988521337509155,
                0.0
            ],
            [
                0.0,
                0.0,
                0.0,
                1.0
            ]
        ],
        "distortion": [
            0.0002735078160185367,
            -0.00006930480594746768,
            0.1259046196937561,
            -0.11668360978364945,
            0.01440200861543417
        ]
    }
}