{
    "color": {
        "height": 2054,
        "width": 2456,
        "F": [
            2335.966796875,
            2335.966796875
        ],
        "C": [
            1201.4156494140626,
            1046.1339111328126
        ],
        "distortionC": [
            1201.4156494140626,
            1046.1339111328126
        ],
        "translation": [
            -51.10483932495117,
            1.4489636421203614,
            -6.308629035949707
        ],
        "rotation": [
            [
                0.9999966621398926,
                0.0025811796076595785,
                0.00004268222619430162,
                0.0
            ],
            [
                -0.00258050300180912,
                0.9999281764030457,
                -0.011705947108566761,
                0.0
            ],
            [
                -0.00007289431232493371,
                0.011705798096954823,
                0.9999314546585083,
                0.0
            ],
            [
                0.0,
                0.0,
                0.0,
                1.0
            ]
        ],
        "distortion": [
            0.001243698876351118,
            0.00014428558642975986,
            -0.08372163772583008,
            0.13038885593414308,
            -0.07571803033351898
        ]
    },
    "ir": {
        "height": 1024,
        "width": 1280,
        "F": [
            960.7225341796875,
            960.7225341796875
        ],
        "C": [
            643.7868041992188,
            495.8852844238281
        ],
        "distortionC": [
            643.7868041992188,
            495.8852844238281
        ],
        "translation": [
            62.8745231628418,
            -314.17779541015627,
            3.689652919769287
        ],
        "rotation": [
            [
                0.9789015054702759,
                -0.20423386991024018,
                -0.006353090051561594,
                0.0
            ],
            [
                0.2043197900056839,
                0.9780174493789673,
                0.0416562557220459,
                0.0
            ],
            [
                -0.0022941851057112219,
                -0.04207543283700943,
                0.9991118311882019,
                0.0
            ],
            [
                0.0,
                0.0,
                0.0,
                1.0
            ]
        ],
        "distortion": [
            0.0006690081208944321,
            -0.00017462963296566159,
            0.12619155645370484,
            -0.10315924882888794,
            0.0005334853776730597
        ]
    }
}