{
    "color": {
        "height": 2054,
        "width": 2456,
        "F": [
            2333.292236328125,
            2333.292236328125
        ],
        "C": [
            1214.5687255859376,
            982.2360229492188
        ],
        "distortionC": [
            1214.5687255859376,
            982.2360229492188
        ],
        "translation": [
            -351.5007019042969,
            0.24605853855609895,
            8.477494239807129
        ],
        "rotation": [
            [
                0.995945155620575,
                0.005849200300872326,
                0.08977217972278595,
                0.0
            ],
            [
                -0.004705936647951603,
                0.9999051690101624,
                -0.012941548600792885,
                0.0
            ],
            [
                -0.08983936905860901,
                0.0124666104093194,
                0.9958782196044922,
                0.0
            ],
            [
                0.0,
                0.0,
                0.0,
                1.0
            ]
        ],
        "distortion": [
            -0.0008184471516869962,
            -0.0006599933258257806,
            -0.07675505429506302,
            0.10357700288295746,
            -0.03653516620397568
        ]
    },
    "ir": {
        "height": 0,
        "width": 0,
        "F": [
            1.0,
            1.0
        ],
        "C": [
            0.0,
            0.0
        ],
        "distortionC": [
            0.0,
            0.0
        ],
        "translation": [
            0.0,
            0.0,
            0.0
        ],
        "rotation": [
            [
                1.0,
                0.0,
                0.0,
                0.0
            ],
            [
                0.0,
                1.0,
                0.0,
                0.0
            ],
            [
                0.0,
                0.0,
                1.0,
                0.0
            ],
            [
                0.0,
                0.0,
                0.0,
                1.0
            ]
        ],
        "distortion": [
            0.0,
            0.0,
            0.0,
            0.0,
            0.0
        ]
    }
}