{
    "color": {
        "height": 2054,
        "width": 2456,
        "F": [
            2336.205322265625,
            2336.205322265625
        ],
        "C": [
            1233.8228759765626,
            1027.59130859375
        ],
        "distortionC": [
            1233.8228759765626,
            1027.59130859375
        ],
        "translation": [
            -350.62481689453127,
            1.4766197204589844,
            11.020819664001465
        ],
        "rotation": [
            [
                0.9954948425292969,
                -0.005649100057780743,
                0.09464704990386963,
                0.0
            ],
            [
                0.006375034339725971,
                0.9999525547027588,
                -0.007369297556579113,
                0.0
            ],
            [
                -0.09460093080997467,
                0.007939476519823075,
                0.9954836368560791,
                0.0
            ],
            [
                0.0,
                0.0,
                0.0,
                1.0
            ]
        ],
        "distortion": [
            -0.00007497126352973282,
            -0.00013216746447142214,
            -0.07801289111375809,
            0.10566854476928711,
            -0.035765912383794788
        ]
    },
    "ir": {
        "height": 0,
        "width": 0,
        "F": [
            1.0,
            1.0
        ],
        "C": [
            0.0,
            0.0
        ],
        "distortionC": [
            0.0,
            0.0
        ],
        "translation": [
            0.0,
            0.0,
            0.0
        ],
        "rotation": [
            [
                1.0,
                0.0,
                0.0,
                0.0
            ],
            [
                0.0,
                1.0,
                0.0,
                0.0
            ],
            [
                0.0,
                0.0,
                1.0,
                0.0
            ],
            [
                0.0,
                0.0,
                0.0,
                1.0
            ]
        ],
        "distortion": [
            0.0,
            0.0,
            0.0,
            0.0,
            0.0
        ]
    }
}