{
    "color": {
        "height": 2054,
        "width": 2456,
        "F": [
            2339.691162109375,
            2339.691162109375
        ],
        "C": [
            1250.8433837890626,
            1023.6192016601563
        ],
        "distortionC": [
            1250.8433837890626,
            1023.6192016601563
        ],
        "translation": [
            -345.93017578125,
            -2.576178789138794,
            8.463306427001954
        ],
        "rotation": [
            [
                0.9969122409820557,
                -0.0005600206786766648,
                0.07852184027433396,
                0.0
            ],
            [
                0.00028410059167072177,
                0.9999937415122986,
                0.003525054780766368,
                0.0
            ],
            [
                -0.07852333039045334,
                -0.003491861978545785,
                0.9969061613082886,
                0.0
            ],
            [
                0.0,
                0.0,
                0.0,
                1.0
            ]
        ],
        "distortion": [
            -0.0003769572649616748,
            -0.0002153410023311153,
            -0.0780986025929451,
            0.10308921337127686,
            -0.03424676135182381
        ]
    },
    "ir": {
        "height": 0,
        "width": 0,
        "F": [
            1.0,
            1.0
        ],
        "C": [
            0.0,
            0.0
        ],
        "distortionC": [
            0.0,
            0.0
        ],
        "translation": [
            0.0,
            0.0,
            0.0
        ],
        "rotation": [
            [
                1.0,
                0.0,
                0.0,
                0.0
            ],
            [
                0.0,
                1.0,
                0.0,
                0.0
            ],
            [
                0.0,
                0.0,
                1.0,
                0.0
            ],
            [
                0.0,
                0.0,
                0.0,
                1.0
            ]
        ],
        "distortion": [
            0.0,
            0.0,
            0.0,
            0.0,
            0.0
        ]
    }
}