{
    "color": {
        "height": 2054,
        "width": 2456,
        "F": [
            2342.737548828125,
            2342.737548828125
        ],
        "C": [
            1208.342041015625,
            1010.9075927734375
        ],
        "distortionC": [
            1208.342041015625,
            1010.9075927734375
        ],
        "translation": [
            -49.5667839050293,
            -0.10301727801561356,
            -3.328281879425049
        ],
        "rotation": [
            [
                0.9975309371948242,
                -0.0006427544867619872,
                0.07022513449192047,
                0.0
            ],
            [
                0.0009472169913351536,
                0.9999902844429016,
                -0.00430230563506484,
                0.0
            ],
            [
                -0.07022169232368469,
                0.004358201753348112,
                0.9975218772888184,
                0.0
            ],
            [
                0.0,
                0.0,
                0.0,
                1.0
            ]
        ],
        "distortion": [
            0.0004967210115864873,
            -0.00017661687161307782,
            -0.08295675367116928,
            0.11980194598436356,
            -0.05129999294877052
        ]
    },
    "ir": {
        "height": 1024,
        "width": 1280,
        "F": [
            957.1544189453125,
            957.1544189453125
        ],
        "C": [
            626.7401123046875,
            545.4061279296875
        ],
        "distortionC": [
            626.7401123046875,
            545.4061279296875
        ],
        "translation": [
            40.67521286010742,
            -195.95103454589845,
            3.3190524578094484
        ],
        "rotation": [
            [
                0.9788671731948853,
                -0.20096570253372193,
                -0.03783898800611496,
                0.0
            ],
            [
                0.20275643467903138,
                0.9778667092323303,
                0.051638342440128329,
                0.0
            ],
            [
                0.026623951271176339,
                -0.05821917951107025,
                0.9979487657546997,
                0.0
            ],
            [
                0.0,
                0.0,
                0.0,
                1.0
            ]
        ],
        "distortion": [
            0.0001329996739514172,
            -0.0011173394741490484,
            0.1249706894159317,
            -0.1062292531132698,
            0.005612438544631004
        ]
    }
}