{
    "color": {
        "height": 2054,
        "width": 2456,
        "F": [
            2337.801513671875,
            2337.801513671875
        ],
        "C": [
            1190.373291015625,
            1058.691650390625
        ],
        "distortionC": [
            1190.373291015625,
            1058.691650390625
        ],
        "translation": [
            -351.1786804199219,
            -1.8806716203689576,
            9.959555625915528
        ],
        "rotation": [
            [
                0.9963272213935852,
                -0.0020159801933914425,
                0.08560369908809662,
                0.0
            ],
            [
                0.0023052471224218609,
                0.9999919533729553,
                -0.0032804233487695457,
                0.0
            ],
            [
                -0.08559639751911164,
                0.003465712768957019,
                0.9963238835334778,
                0.0
            ],
            [
                0.0,
                0.0,
                0.0,
                1.0
            ]
        ],
        "distortion": [
            0.0007989603909663856,
            -0.0004959437064826489,
            -0.07339110225439072,
            0.09700027853250504,
            -0.0290583036839962
        ]
    },
    "ir": {
        "height": 0,
        "width": 0,
        "F": [
            1.0,
            1.0
        ],
        "C": [
            0.0,
            0.0
        ],
        "distortionC": [
            0.0,
            0.0
        ],
        "translation": [
            0.0,
            0.0,
            0.0
        ],
        "rotation": [
            [
                1.0,
                0.0,
                0.0,
                0.0
            ],
            [
                0.0,
                1.0,
                0.0,
                0.0
            ],
            [
                0.0,
                0.0,
                1.0,
                0.0
            ],
            [
                0.0,
                0.0,
                0.0,
                1.0
            ]
        ],
        "distortion": [
            0.0,
            0.0,
            0.0,
            0.0,
            0.0
        ]
    }
}