{
    "color": {
        "height": 2054,
        "width": 2456,
        "F": [
            2341.0751953125,
            2341.0751953125
        ],
        "C": [
            1145.988525390625,
            1045.4375
        ],
        "distortionC": [
            1145.988525390625,
            1045.4375
        ],
        "translation": [
            -50.084529876708987,
            -0.3296273946762085,
            -3.8456766605377199
        ],
        "rotation": [
            [
                0.9998133778572083,
                0.0014359868364408613,
                0.01926647126674652,
                0.0
            ],
            [
                -0.0014260183088481427,
                0.9999988675117493,
                -0.0005311294225975871,
                0.0
            ],
            [
                -0.019267212599515916,
                0.0005035559297539294,
                0.9998142719268799,
                0.0
            ],
            [
                0.0,
                0.0,
                0.0,
                1.0
            ]
        ],
        "distortion": [
            0.00016966616385616362,
            0.00007075968460412696,
            -0.08951980620622635,
            0.15199007093906403,
            -0.10068543255329132
        ]
    },
    "ir": {
        "height": 1024,
        "width": 1280,
        "F": [
            959.7147216796875,
            959.7147216796875
        ],
        "C": [
            627.7593994140625,
            509.4151916503906
        ],
        "distortionC": [
            627.7593994140625,
            509.4151916503906
        ],
        "translation": [
            71.38957977294922,
            -312.1459045410156,
            2.7124860286712648
        ],
        "rotation": [
            [
                0.9743460416793823,
                -0.22476482391357423,
                -0.011428313329815865,
                0.0
            ],
            [
                0.2250497192144394,
                0.9734191298484802,
                0.04251854866743088,
                0.0
            ],
            [
                0.0015678646741434932,
                -0.043999720364809039,
                0.9990302920341492,
                0.0
            ],
            [
                0.0,
                0.0,
                0.0,
                1.0
            ]
        ],
        "distortion": [
            0.0002654379641171545,
            -0.00012441034778021276,
            0.12231911718845368,
            -0.09723839908838272,
            -0.006311697419732809
        ]
    }
}