{
    "color": {
        "height": 2054,
        "width": 2456,
        "F": [
            2336.27685546875,
            2336.27685546875
        ],
        "C": [
            1250.220458984375,
            1021.7534790039063
        ],
        "distortionC": [
            1250.220458984375,
            1021.7534790039063
        ],
        "translation": [
            -48.45844650268555,
            2.141160249710083,
            -3.3620684146881105
        ],
        "rotation": [
            [
                0.9977697730064392,
                0.00034597975900396705,
                0.06674814969301224,
                0.0
            ],
            [
                -0.000363010389264673,
                0.9999998807907105,
                0.00024301926896441728,
                0.0
            ],
            [
                -0.06674806028604508,
                -0.0002667075605131686,
                0.997769832611084,
                0.0
            ],
            [
                0.0,
                0.0,
                0.0,
                1.0
            ]
        ],
        "distortion": [
            0.0006366889574564993,
            0.0001911100698634982,
            -0.08198859542608261,
            0.12010590732097626,
            -0.05656790733337402
        ]
    },
    "ir": {
        "height": 1024,
        "width": 1280,
        "F": [
            951.1332397460938,
            951.1332397460938
        ],
        "C": [
            634.4180297851563,
            539.4073486328125
        ],
        "distortionC": [
            634.4180297851563,
            539.4073486328125
        ],
        "translation": [
            42.65547561645508,
            -195.6846923828125,
            4.723194122314453
        ],
        "rotation": [
            [
                0.9766235947608948,
                -0.21427612006664277,
                -0.017091693356633188,
                0.0
            ],
            [
                0.2149270623922348,
                0.9747174978256226,
                0.0610915943980217,
                0.0
            ],
            [
                0.0035691021475940944,
                -0.06333696097135544,
                0.99798583984375,
                0.0
            ],
            [
                0.0,
                0.0,
                0.0,
                1.0
            ]
        ],
        "distortion": [
            0.00019508335390128195,
            0.0006539936293847859,
            0.12863382697105409,
            -0.11526188999414444,
            0.013830832205712796
        ]
    }
}