{
    "color": {
        "height": 2054,
        "width": 2456,
        "F": [
            2341.81103515625,
            2341.81103515625
        ],
        "C": [
            1208.763671875,
            1030.6072998046876
        ],
        "distortionC": [
            1208.763671875,
            1030.6072998046876
        ],
        "translation": [
            -51.635311126708987,
            2.402374029159546,
            -4.214605331420898
        ],
        "rotation": [
            [
                0.9998925924301148,
                0.0018710352014750243,
                0.014534550718963147,
                0.0
            ],
            [
                -0.0018170330440625549,
                0.9999914169311523,
                -0.003727750387042761,
                0.0
            ],
            [
                -0.014541400596499443,
                0.003700940404087305,
                0.9998874068260193,
                0.0
            ],
            [
                0.0,
                0.0,
                0.0,
                1.0
            ]
        ],
        "distortion": [
            -0.000048198093281826007,
            -0.0006830152706243098,
            -0.0880388543009758,
            0.15134871006011964,
            -0.09562361985445023
        ]
    },
    "ir": {
        "height": 1024,
        "width": 1280,
        "F": [
            957.4546508789063,
            957.4546508789063
        ],
        "C": [
            628.288330078125,
            533.0739135742188
        ],
        "distortionC": [
            628.288330078125,
            533.0739135742188
        ],
        "translation": [
            67.5234603881836,
            -312.9407653808594,
            3.595790147781372
        ],
        "rotation": [
            [
                0.9769821763038635,
                -0.2132168412208557,
                -0.0066649229265749458,
                0.0
            ],
            [
                0.2132977992296219,
                0.9759384393692017,
                0.045257583260536197,
                0.0
            ],
            [
                -0.0031451249960809948,
                -0.04563746601343155,
                0.998953104019165,
                0.0
            ],
            [
                0.0,
                0.0,
                0.0,
                1.0
            ]
        ],
        "distortion": [
            0.0005552024813368917,
            0.0003089573292527348,
            0.1266624480485916,
            -0.1112803965806961,
            0.01048502791672945
        ]
    }
}