{
    "color": {
        "height": 2054,
        "width": 2456,
        "F": [
            2338.06396484375,
            2338.06396484375
        ],
        "C": [
            1264.8924560546876,
            1042.401611328125
        ],
        "distortionC": [
            1264.8924560546876,
            1042.401611328125
        ],
        "translation": [
            -352.9966125488281,
            -1.174355149269104,
            9.32591724395752
        ],
        "rotation": [
            [
                0.9961252212524414,
                -0.00007780682790325955,
                0.08794642984867096,
                0.0
            ],
            [
                0.0009755085338838398,
                0.9999478459358215,
                -0.01016443595290184,
                0.0
            ],
            [
                -0.08794105052947998,
                0.01021084375679493,
                0.9960733652114868,
                0.0
            ],
            [
                0.0,
                0.0,
                0.0,
                1.0
            ]
        ],
        "distortion": [
            -0.0003933357074856758,
            0.00006869623030070215,
            -0.08153606206178665,
            0.12120507657527924,
            -0.05858222767710686
        ]
    },
    "ir": {
        "height": 0,
        "width": 0,
        "F": [
            1.0,
            1.0
        ],
        "C": [
            0.0,
            0.0
        ],
        "distortionC": [
            0.0,
            0.0
        ],
        "translation": [
            0.0,
            0.0,
            0.0
        ],
        "rotation": [
            [
                1.0,
                0.0,
                0.0,
                0.0
            ],
            [
                0.0,
                1.0,
                0.0,
                0.0
            ],
            [
                0.0,
                0.0,
                1.0,
                0.0
            ],
            [
                0.0,
                0.0,
                0.0,
                1.0
            ]
        ],
        "distortion": [
            0.0,
            0.0,
            0.0,
            0.0,
            0.0
        ]
    }
}