{
    "color": {
        "height": 2054,
        "width": 2456,
        "F": [
            2340.464111328125,
            2340.464111328125
        ],
        "C": [
            1249.7186279296876,
            989.3328857421875
        ],
        "distortionC": [
            1249.7186279296876,
            989.3328857421875
        ],
        "translation": [
            -53.44709777832031,
            -0.8566085696220398,
            -4.061724662780762
        ],
        "rotation": [
            [
                0.9996916651725769,
                -0.0022389297373592855,
                0.024729304015636445,
                0.0
            ],
            [
                0.002451882930472493,
                0.9999601244926453,
                -0.008584408089518547,
                0.0
            ],
            [
                -0.024709098041057588,
                0.008642394095659256,
                0.9996573328971863,
                0.0
            ],
            [
                0.0,
                0.0,
                0.0,
                1.0
            ]
        ],
        "distortion": [
            -0.0006564236246049404,
            -0.0003167150425724685,
            -0.08936398476362229,
            0.15685833990573884,
            -0.10890671610832215
        ]
    },
    "ir": {
        "height": 1024,
        "width": 1280,
        "F": [
            957.3475341796875,
            957.3475341796875
        ],
        "C": [
            636.6875610351563,
            552.0537719726563
        ],
        "distortionC": [
            636.6875610351563,
            552.0537719726563
        ],
        "translation": [
            69.69115447998047,
            -312.4917907714844,
            3.5214390754699709
        ],
        "rotation": [
            [
                0.975566565990448,
                -0.21940071880817414,
                -0.01154262013733387,
                0.0
            ],
            [
                0.21970206499099732,
                0.9744382500648499,
                0.04691562429070473,
                0.0
            ],
            [
                0.0009542493498884141,
                -0.04830525070428848,
                0.9988321661949158,
                0.0
            ],
            [
                0.0,
                0.0,
                0.0,
                1.0
            ]
        ],
        "distortion": [
            0.00017991922504734248,
            -0.00007159404049161822,
            0.12136088311672211,
            -0.09792153537273407,
            -0.0034993814770132305
        ]
    }
}