{
    "color": {
        "height": 2054,
        "width": 2456,
        "F": [
            2333.2197265625,
            2333.2197265625
        ],
        "C": [
            1228.0029296875,
            1053.537109375
        ],
        "distortionC": [
            1228.0029296875,
            1053.537109375
        ],
        "translation": [
            -157.2761688232422,
            -3.569770097732544,
            -3.2336978912353517
        ],
        "rotation": [
            [
                0.9973366260528565,
                0.00020732796110678464,
                0.07293542474508286,
                0.0
            ],
            [
                -0.00003743166962522082,
                0.9999972581863403,
                -0.0023307662922888996,
                0.0
            ],
            [
                -0.07293570786714554,
                0.0023218283895403148,
                0.9973339438438416,
                0.0
            ],
            [
                0.0,
                0.0,
                0.0,
                1.0
            ]
        ],
        "distortion": [
            -0.000039697719330433759,
            -0.00009966170182451606,
            -0.079327791929245,
            0.11795371025800705,
            -0.06043098121881485
        ]
    },
    "ir": {
        "height": 0,
        "width": 0,
        "F": [
            1.0,
            1.0
        ],
        "C": [
            0.0,
            0.0
        ],
        "distortionC": [
            0.0,
            0.0
        ],
        "translation": [
            0.0,
            0.0,
            0.0
        ],
        "rotation": [
            [
                1.0,
                0.0,
                0.0,
                0.0
            ],
            [
                0.0,
                1.0,
                0.0,
                0.0
            ],
            [
                0.0,
                0.0,
                1.0,
                0.0
            ],
            [
                0.0,
                0.0,
                0.0,
                1.0
            ]
        ],
        "distortion": [
            0.0,
            0.0,
            0.0,
            0.0,
            0.0
        ]
    }
}