{
    "color": {
        "height": 2054,
        "width": 2456,
        "F": [
            2339.331298828125,
            2339.331298828125
        ],
        "C": [
            1221.1591796875,
            984.1640014648438
        ],
        "distortionC": [
            1221.1591796875,
            984.1640014648438
        ],
        "translation": [
            -154.58084106445313,
            0.16832399368286134,
            -3.2875514030456545
        ],
        "rotation": [
            [
                0.9976021647453308,
                0.00028560878126882017,
                0.06920835375785828,
                0.0
            ],
            [
                -0.00037222765968181193,
                0.9999991655349731,
                0.0012386738089844585,
                0.0
            ],
            [
                -0.06920793652534485,
                -0.0012614649021998048,
                0.9976014494895935,
                0.0
            ],
            [
                0.0,
                0.0,
                0.0,
                1.0
            ]
        ],
        "distortion": [
            -0.0009738350636325777,
            0.00011900352546945214,
            -0.08275702595710755,
            0.11672694236040116,
            -0.05265165492892265
        ]
    },
    "ir": {
        "height": 0,
        "width": 0,
        "F": [
            1.0,
            1.0
        ],
        "C": [
            0.0,
            0.0
        ],
        "distortionC": [
            0.0,
            0.0
        ],
        "translation": [
            0.0,
            0.0,
            0.0
        ],
        "rotation": [
            [
                1.0,
                0.0,
                0.0,
                0.0
            ],
            [
                0.0,
                1.0,
                0.0,
                0.0
            ],
            [
                0.0,
                0.0,
                1.0,
                0.0
            ],
            [
                0.0,
                0.0,
                0.0,
                1.0
            ]
        ],
        "distortion": [
            0.0,
            0.0,
            0.0,
            0.0,
            0.0
        ]
    }
}