{
    "color": {
        "height": 2054,
        "width": 2456,
        "F": [
            2339.033935546875,
            2339.033935546875
        ],
        "C": [
            1216.98583984375,
            1032.2232666015626
        ],
        "distortionC": [
            1216.98583984375,
            1032.2232666015626
        ],
        "translation": [
            -50.03682327270508,
            -2.3447368144989015,
            -3.225109100341797
        ],
        "rotation": [
            [
                0.9981493353843689,
                -0.0010644365102052689,
                0.060800950974226,
                0.0
            ],
            [
                0.0007059250492602587,
                0.9999822378158569,
                0.005917654838413,
                0.0
            ],
            [
                -0.06080617010593414,
                -0.005863782484084368,
                0.9981323480606079,
                0.0
            ],
            [
                0.0,
                0.0,
                0.0,
                1.0
            ]
        ],
        "distortion": [
            0.00020072810002602637,
            0.0003485090273898095,
            -0.08080942183732987,
            0.11905963718891144,
            -0.05507919192314148
        ]
    },
    "ir": {
        "height": 1024,
        "width": 1280,
        "F": [
            956.620361328125,
            956.620361328125
        ],
        "C": [
            621.04345703125,
            529.5386962890625
        ],
        "distortionC": [
            621.04345703125,
            529.5386962890625
        ],
        "translation": [
            42.03719711303711,
            -195.6011505126953,
            4.59480619430542
        ],
        "rotation": [
            [
                0.9772946238517761,
                -0.2118518352508545,
                -0.0037423300091177227,
                0.0
            ],
            [
                0.21162860095500947,
                0.9750919342041016,
                0.06640111654996872,
                0.0
            ],
            [
                -0.01041808258742094,
                -0.0656854435801506,
                0.9977859854698181,
                0.0
            ],
            [
                0.0,
                0.0,
                0.0,
                1.0
            ]
        ],
        "distortion": [
            0.0006663752719759941,
            -0.00046478683361783624,
            0.12772318720817567,
            -0.11172225326299668,
            0.010474994778633118
        ]
    }
}