{
    "color": {
        "height": 2054,
        "width": 2456,
        "F": [
            2338.471435546875,
            2338.471435546875
        ],
        "C": [
            1191.3896484375,
            1027.31689453125
        ],
        "distortionC": [
            1191.3896484375,
            1027.31689453125
        ],
        "translation": [
            -152.34774780273438,
            -0.4697503447532654,
            -5.644506454467773
        ],
        "rotation": [
            [
                0.9975866675376892,
                0.003957388456910849,
                0.06931941211223602,
                0.0
            ],
            [
                -0.004302775952965021,
                0.9999790787696838,
                0.004833951126784086,
                0.0
            ],
            [
                -0.06929883360862732,
                -0.005120550747960806,
                0.9975827932357788,
                0.0
            ],
            [
                0.0,
                0.0,
                0.0,
                1.0
            ]
        ],
        "distortion": [
            -0.0006288150907494128,
            0.0006381323910318315,
            -0.07998651266098023,
            0.1264345496892929,
            -0.06632283329963684
        ]
    },
    "ir": {
        "height": 0,
        "width": 0,
        "F": [
            1.0,
            1.0
        ],
        "C": [
            0.0,
            0.0
        ],
        "distortionC": [
            0.0,
            0.0
        ],
        "translation": [
            0.0,
            0.0,
            0.0
        ],
        "rotation": [
            [
                1.0,
                0.0,
                0.0,
                0.0
            ],
            [
                0.0,
                1.0,
                0.0,
                0.0
            ],
            [
                0.0,
                0.0,
                1.0,
                0.0
            ],
            [
                0.0,
                0.0,
                0.0,
                1.0
            ]
        ],
        "distortion": [
            0.0,
            0.0,
            0.0,
            0.0,
            0.0
        ]
    }
}