{
    "color": {
        "height": 2054,
        "width": 2456,
        "F": [
            2339.99267578125,
            2339.99267578125
        ],
        "C": [
            1217.8236083984376,
            990.6787109375
        ],
        "distortionC": [
            1217.8236083984376,
            990.6787109375
        ],
        "translation": [
            -352.29241943359377,
            -1.6699550151824952,
            11.141481399536133
        ],
        "rotation": [
            [
                0.9959544539451599,
                0.00012628347030840814,
                0.08985934406518936,
                0.0
            ],
            [
                -0.0005377945490181446,
                0.9999895095825195,
                0.004555305000394583,
                0.0
            ],
            [
                -0.08985782414674759,
                -0.004585202317684889,
                0.9959440231323242,
                0.0
            ],
            [
                0.0,
                0.0,
                0.0,
                1.0
            ]
        ],
        "distortion": [
            -0.00002731592394411564,
            0.00038882956141605973,
            -0.07737379521131516,
            0.10371080040931702,
            -0.035644542425870898
        ]
    },
    "ir": {
        "height": 0,
        "width": 0,
        "F": [
            1.0,
            1.0
        ],
        "C": [
            0.0,
            0.0
        ],
        "distortionC": [
            0.0,
            0.0
        ],
        "translation": [
            0.0,
            0.0,
            0.0
        ],
        "rotation": [
            [
                1.0,
                0.0,
                0.0,
                0.0
            ],
            [
                0.0,
                1.0,
                0.0,
                0.0
            ],
            [
                0.0,
                0.0,
                1.0,
                0.0
            ],
            [
                0.0,
                0.0,
                0.0,
                1.0
            ]
        ],
        "distortion": [
            0.0,
            0.0,
            0.0,
            0.0,
            0.0
        ]
    }
}