{
    "color": {
        "height": 2054,
        "width": 2456,
        "F": [
            2341.145263671875,
            2341.145263671875
        ],
        "C": [
            1210.175537109375,
            1030.9119873046876
        ],
        "distortionC": [
            1210.175537109375,
            1030.9119873046876
        ],
        "translation": [
            -50.8850212097168,
            1.1930838823318482,
            -3.237907886505127
        ],
        "rotation": [
            [
                0.99965500831604,
                0.007165372837334871,
                0.025269510224461557,
                0.0
            ],
            [
                -0.0072789122350513939,
                0.9999638199806213,
                0.004404033999890089,
                0.0
            ],
            [
                -0.02523704059422016,
                -0.004586449358612299,
                0.9996709823608398,
                0.0
            ],
            [
                0.0,
                0.0,
                0.0,
                1.0
            ]
        ],
        "distortion": [
            0.0007913144654594362,
            0.0003828418266493827,
            -0.08360832929611206,
            0.13256950676441194,
            -0.07149500399827957
        ]
    },
    "ir": {
        "height": 1024,
        "width": 1280,
        "F": [
            953.572509765625,
            953.572509765625
        ],
        "C": [
            607.0266723632813,
            536.8319091796875
        ],
        "distortionC": [
            607.0266723632813,
            536.8319091796875
        ],
        "translation": [
            69.91778564453125,
            -312.4569091796875,
            1.8744018077850342
        ],
        "rotation": [
            [
                0.9748822450637817,
                -0.2225712090730667,
                -0.008166181854903698,
                0.0
            ],
            [
                0.22271910309791566,
                0.9740690588951111,
                0.03982087969779968,
                0.0
            ],
            [
                -0.0009085562196560204,
                -0.04063943028450012,
                0.9991734623908997,
                0.0
            ],
            [
                0.0,
                0.0,
                0.0,
                1.0
            ]
        ],
        "distortion": [
            0.001205802895128727,
            0.0005704538780264556,
            0.12753084301948548,
            -0.11397992819547653,
            0.013627900741994381
        ]
    }
}