{
    "color": {
        "height": 2054,
        "width": 2456,
        "F": [
            2343.165283203125,
            2343.165283203125
        ],
        "C": [
            1215.3284912109376,
            1044.914794921875
        ],
        "distortionC": [
            1215.3284912109376,
            1044.914794921875
        ],
        "translation": [
            -53.12948226928711,
            -2.065878391265869,
            -2.369324207305908
        ],
        "rotation": [
            [
                0.999809741973877,
                -0.0034307825844734909,
                0.01920037344098091,
                0.0
            ],
            [
                0.0034865739289671184,
                0.9999898076057434,
                -0.0028730318881571295,
                0.0
            ],
            [
                -0.019190320745110513,
                0.0029394286684691908,
                0.9998115301132202,
                0.0
            ],
            [
                0.0,
                0.0,
                0.0,
                1.0
            ]
        ],
        "distortion": [
            -0.0004248818149790168,
            0.0005597983254119754,
            -0.08194064348936081,
            0.12360997498035431,
            -0.05853554233908653
        ]
    },
    "ir": {
        "height": 1024,
        "width": 1280,
        "F": [
            953.1878051757813,
            953.1878051757813
        ],
        "C": [
            625.8268432617188,
            509.8650207519531
        ],
        "distortionC": [
            625.8268432617188,
            509.8650207519531
        ],
        "translation": [
            67.485107421875,
            -313.19720458984377,
            2.4435248374938967
        ],
        "rotation": [
            [
                0.976899266242981,
                -0.21302783489227296,
                -0.016938570886850358,
                0.0
            ],
            [
                0.2135833203792572,
                0.9759142398834229,
                0.04442434012889862,
                0.0
            ],
            [
                0.007066972088068724,
                -0.047015901654958728,
                0.9988691210746765,
                0.0
            ],
            [
                0.0,
                0.0,
                0.0,
                1.0
            ]
        ],
        "distortion": [
            0.0002985646715387702,
            0.00042179840966127813,
            0.1275389939546585,
            -0.1116979792714119,
            0.008676216937601567
        ]
    }
}