{
    "color": {
        "height": 2054,
        "width": 2456,
        "F": [
            2333.94482421875,
            2333.94482421875
        ],
        "C": [
            1196.641845703125,
            1027.0687255859376
        ],
        "distortionC": [
            1196.641845703125,
            1027.0687255859376
        ],
        "translation": [
            -52.32062530517578,
            0.7603408098220825,
            -5.382172584533691
        ],
        "rotation": [
            [
                0.999772310256958,
                0.005399107467383146,
                0.020642776042222978,
                0.0
            ],
            [
                -0.005259406287223101,
                0.9999629259109497,
                -0.006815872620791197,
                0.0
            ],
            [
                -0.02067881077528,
                0.006705752108246088,
                0.9997636675834656,
                0.0
            ],
            [
                0.0,
                0.0,
                0.0,
                1.0
            ]
        ],
        "distortion": [
            -0.001021657488308847,
            0.000319186452543363,
            -0.0824117511510849,
            0.12419529259204865,
            -0.06522389501333237
        ]
    },
    "ir": {
        "height": 1024,
        "width": 1280,
        "F": [
            964.021728515625,
            964.021728515625
        ],
        "C": [
            663.025390625,
            494.2115173339844
        ],
        "distortionC": [
            663.025390625,
            494.2115173339844
        ],
        "translation": [
            62.34087371826172,
            -313.8824768066406,
            3.894015073776245
        ],
        "rotation": [
            [
                0.979414701461792,
                -0.20169663429260255,
                -0.008078375831246376,
                0.0
            ],
            [
                0.20184655487537385,
                0.9781405329704285,
                0.04999099671840668,
                0.0
            ],
            [
                -0.002181228483095765,
                -0.05059250816702843,
                0.9987170100212097,
                0.0
            ],
            [
                0.0,
                0.0,
                0.0,
                1.0
            ]
        ],
        "distortion": [
            -0.0007751912344247103,
            0.00025477667804807425,
            0.12285805493593216,
            -0.10012702643871308,
            0.0006085256463848054
        ]
    }
}