{
    "color": {
        "height": 2054,
        "width": 2456,
        "F": [
            2340.37353515625,
            2340.37353515625
        ],
        "C": [
            1184.527587890625,
            1063.9254150390626
        ],
        "distortionC": [
            1184.527587890625,
            1063.9254150390626
        ],
        "translation": [
            -51.518367767333987,
            1.6505097150802613,
            -4.754970550537109
        ],
        "rotation": [
            [
                0.9997494220733643,
                -0.008027910254895687,
                0.02089742012321949,
                0.0
            ],
            [
                0.008218376897275448,
                0.9999253153800964,
                -0.009044460952281952,
                0.0
            ],
            [
                -0.020823251456022264,
                0.009213937446475029,
                0.999740719795227,
                0.0
            ],
            [
                0.0,
                0.0,
                0.0,
                1.0
            ]
        ],
        "distortion": [
            -0.000540206499863416,
            -0.00003419662607484497,
            -0.09053640067577362,
            0.1590016931295395,
            -0.10921940207481384
        ]
    },
    "ir": {
        "height": 1024,
        "width": 1280,
        "F": [
            956.43017578125,
            956.43017578125
        ],
        "C": [
            622.6625366210938,
            547.109130859375
        ],
        "distortionC": [
            622.6625366210938,
            547.109130859375
        ],
        "translation": [
            58.58179473876953,
            -314.7615661621094,
            2.980424404144287
        ],
        "rotation": [
            [
                0.9836556315422058,
                -0.1799258142709732,
                -0.006949060596525669,
                0.0
            ],
            [
                0.18005090951919557,
                0.9824867248535156,
                0.04797423258423805,
                0.0
            ],
            [
                -0.0018044436583295465,
                -0.04844130948185921,
                0.998824417591095,
                0.0
            ],
            [
                0.0,
                0.0,
                0.0,
                1.0
            ]
        ],
        "distortion": [
            0.0002818033390212804,
            -0.0006596168386749923,
            0.12407782673835755,
            -0.10936467349529267,
            0.00948471762239933
        ]
    }
}