{
    "color": {
        "height": 2054,
        "width": 2456,
        "F": [
            2347.46337890625,
            2347.46337890625
        ],
        "C": [
            1206.541259765625,
            1048.281982421875
        ],
        "distortionC": [
            1206.541259765625,
            1048.281982421875
        ],
        "translation": [
            -47.75492477416992,
            -3.96657133102417,
            -4.0948615074157719
        ],
        "rotation": [
            [
                0.9999963641166687,
                -0.0026231964584439995,
                -0.0006146311643533409,
                0.0
            ],
            [
                0.0026246581692248585,
                0.9999936819076538,
                0.002389306901022792,
                0.0
            ],
            [
                0.0006083596381358802,
                -0.0023909115698188545,
                0.9999969601631165,
                0.0
            ],
            [
                0.0,
                0.0,
                0.0,
                1.0
            ]
        ],
        "distortion": [
            -0.000252687546890229,
            0.0004721026634797454,
            -0.08222992718219757,
            0.131180077791214,
            -0.06993687152862549
        ]
    },
    "ir": {
        "height": 1024,
        "width": 1280,
        "F": [
            952.6679077148438,
            952.6679077148438
        ],
        "C": [
            607.85791015625,
            518.2272338867188
        ],
        "distortionC": [
            607.85791015625,
            518.2272338867188
        ],
        "translation": [
            64.12357330322266,
            -314.0543518066406,
            2.680208683013916
        ],
        "rotation": [
            [
                0.9805241823196411,
                -0.19639752805233003,
                -0.0006165076047182083,
                0.0
            ],
            [
                0.19627325236797334,
                0.9797819256782532,
                0.03878413513302803,
                0.0
            ],
            [
                -0.0070130652748048309,
                -0.03814978525042534,
                0.9992474317550659,
                0.0
            ],
            [
                0.0,
                0.0,
                0.0,
                1.0
            ]
        ],
        "distortion": [
            0.0000010840486766028335,
            0.00020216027041897178,
            0.12703654170036317,
            -0.115238256752491,
            0.009466931223869324
        ]
    }
}