{
    "color": {
        "height": 2054,
        "width": 2456,
        "F": [
            2338.544677734375,
            2338.544677734375
        ],
        "C": [
            1259.97412109375,
            1047.9537353515626
        ],
        "distortionC": [
            1259.97412109375,
            1047.9537353515626
        ],
        "translation": [
            -347.19561767578127,
            -4.922022819519043,
            10.768043518066407
        ],
        "rotation": [
            [
                0.9967357516288757,
                -0.006782076321542263,
                0.08044784516096115,
                0.0
            ],
            [
                0.006537659093737602,
                0.9999731779098511,
                0.0033012148924171926,
                0.0
            ],
            [
                -0.0804680809378624,
                -0.0027644983492791654,
                0.9967533349990845,
                0.0
            ],
            [
                0.0,
                0.0,
                0.0,
                1.0
            ]
        ],
        "distortion": [
            0.0003647232078947127,
            0.0002710547123569995,
            -0.07579957693815232,
            0.11157749593257904,
            -0.05247797071933746
        ]
    },
    "ir": {
        "height": 0,
        "width": 0,
        "F": [
            1.0,
            1.0
        ],
        "C": [
            0.0,
            0.0
        ],
        "distortionC": [
            0.0,
            0.0
        ],
        "translation": [
            0.0,
            0.0,
            0.0
        ],
        "rotation": [
            [
                1.0,
                0.0,
                0.0,
                0.0
            ],
            [
                0.0,
                1.0,
                0.0,
                0.0
            ],
            [
                0.0,
                0.0,
                1.0,
                0.0
            ],
            [
                0.0,
                0.0,
                0.0,
                1.0
            ]
        ],
        "distortion": [
            0.0,
            0.0,
            0.0,
            0.0,
            0.0
        ]
    }
}