{
    "color": {
        "height": 2054,
        "width": 2456,
        "F": [
            2344.119873046875,
            2344.119873046875
        ],
        "C": [
            1226.218994140625,
            1034.987548828125
        ],
        "distortionC": [
            1226.218994140625,
            1034.987548828125
        ],
        "translation": [
            -350.47198486328127,
            -2.0710744857788088,
            12.558548927307129
        ],
        "rotation": [
            [
                0.995934247970581,
                0.0003570129629224539,
                0.09008243680000305,
                0.0
            ],
            [
                -0.00027333138859830797,
                0.9999995231628418,
                -0.0009412788785994053,
                0.0
            ],
            [
                -0.09008273482322693,
                0.0009128295350819826,
                0.9959338903427124,
                0.0
            ],
            [
                0.0,
                0.0,
                0.0,
                1.0
            ]
        ],
        "distortion": [
            0.0012294985353946686,
            0.00047589861787855625,
            -0.07713278383016586,
            0.11013170331716538,
            -0.04724311828613281
        ]
    },
    "ir": {
        "height": 0,
        "width": 0,
        "F": [
            1.0,
            1.0
        ],
        "C": [
            0.0,
            0.0
        ],
        "distortionC": [
            0.0,
            0.0
        ],
        "translation": [
            0.0,
            0.0,
            0.0
        ],
        "rotation": [
            [
                1.0,
                0.0,
                0.0,
                0.0
            ],
            [
                0.0,
                1.0,
                0.0,
                0.0
            ],
            [
                0.0,
                0.0,
                1.0,
                0.0
            ],
            [
                0.0,
                0.0,
                0.0,
                1.0
            ]
        ],
        "distortion": [
            0.0,
            0.0,
            0.0,
            0.0,
            0.0
        ]
    }
}