{
    "color": {
        "height": 2054,
        "width": 2456,
        "F": [
            2338.30859375,
            2338.30859375
        ],
        "C": [
            1187.5784912109376,
            1043.5958251953126
        ],
        "distortionC": [
            1187.5784912109376,
            1043.5958251953126
        ],
        "translation": [
            -351.6740417480469,
            2.616417407989502,
            11.211338996887207
        ],
        "rotation": [
            [
                0.9961506128311157,
                -0.0017327931709587575,
                0.08764129132032395,
                0.0
            ],
            [
                0.001952537102624774,
                0.9999951720237732,
                -0.0024216461461037399,
                0.0
            ],
            [
                -0.08763667196035385,
                0.0025834471452981235,
                0.9961491823196411,
                0.0
            ],
            [
                0.0,
                0.0,
                0.0,
                1.0
            ]
        ],
        "distortion": [
            0.00015790751785971224,
            -0.0001890850398922339,
            -0.07839906215667725,
            0.11235863715410233,
            -0.04769264906644821
        ]
    },
    "ir": {
        "height": 0,
        "width": 0,
        "F": [
            1.0,
            1.0
        ],
        "C": [
            0.0,
            0.0
        ],
        "distortionC": [
            0.0,
            0.0
        ],
        "translation": [
            0.0,
            0.0,
            0.0
        ],
        "rotation": [
            [
                1.0,
                0.0,
                0.0,
                0.0
            ],
            [
                0.0,
                1.0,
                0.0,
                0.0
            ],
            [
                0.0,
                0.0,
                1.0,
                0.0
            ],
            [
                0.0,
                0.0,
                0.0,
                1.0
            ]
        ],
        "distortion": [
            0.0,
            0.0,
            0.0,
            0.0,
            0.0
        ]
    }
}