{
    "color": {
        "height": 2054,
        "width": 2456,
        "F": [
            2337.6591796875,
            2337.6591796875
        ],
        "C": [
            1257.912109375,
            1009.908935546875
        ],
        "distortionC": [
            1257.912109375,
            1009.908935546875
        ],
        "translation": [
            -352.3851318359375,
            0.7473911643028259,
            12.237030029296875
        ],
        "rotation": [
            [
                0.9963181018829346,
                -0.003750269068405032,
                0.0856517031788826,
                0.0
            ],
            [
                0.003627413185313344,
                0.9999921321868897,
                0.0015899527352303267,
                0.0
            ],
            [
                -0.08565699309110642,
                -0.001273404574021697,
                0.9963238835334778,
                0.0
            ],
            [
                0.0,
                0.0,
                0.0,
                1.0
            ]
        ],
        "distortion": [
            -0.0004561084497254342,
            0.00017890708113554865,
            -0.07636997848749161,
            0.1037960946559906,
            -0.04004359990358353
        ]
    },
    "ir": {
        "height": 0,
        "width": 0,
        "F": [
            1.0,
            1.0
        ],
        "C": [
            0.0,
            0.0
        ],
        "distortionC": [
            0.0,
            0.0
        ],
        "translation": [
            0.0,
            0.0,
            0.0
        ],
        "rotation": [
            [
                1.0,
                0.0,
                0.0,
                0.0
            ],
            [
                0.0,
                1.0,
                0.0,
                0.0
            ],
            [
                0.0,
                0.0,
                1.0,
                0.0
            ],
            [
                0.0,
                0.0,
                0.0,
                1.0
            ]
        ],
        "distortion": [
            0.0,
            0.0,
            0.0,
            0.0,
            0.0
        ]
    }
}