{
    "color": {
        "height": 2054,
        "width": 2456,
        "F": [
            2341.4794921875,
            2341.4794921875
        ],
        "C": [
            1214.0760498046876,
            1014.3211669921875
        ],
        "distortionC": [
            1214.0760498046876,
            1014.3211669921875
        ],
        "translation": [
            -51.97350311279297,
            0.28120121359825137,
            -1.239600658416748
        ],
        "rotation": [
            [
                0.9994622468948364,
                -0.0060479044914245609,
                0.03222872316837311,
                0.0
            ],
            [
                0.006053454242646694,
                0.999981701374054,
                -0.00007463059591827914,
                0.0
            ],
            [
                -0.03222768008708954,
                0.00026968555175699294,
                0.9994805455207825,
                0.0
            ],
            [
                0.0,
                0.0,
                0.0,
                1.0
            ]
        ],
        "distortion": [
            -0.0008174305548891425,
            -0.000624918146058917,
            -0.08669138699769974,
            0.14271175861358643,
            -0.08814410865306854
        ]
    },
    "ir": {
        "height": 1024,
        "width": 1280,
        "F": [
            959.9696044921875,
            959.9696044921875
        ],
        "C": [
            656.601806640625,
            510.4343566894531
        ],
        "distortionC": [
            656.601806640625,
            510.4343566894531
        ],
        "translation": [
            66.71139526367188,
            -313.4332580566406,
            0.6154115200042725
        ],
        "rotation": [
            [
                0.9785227179527283,
                -0.2061043381690979,
                -0.0037783163134008648,
                0.0
            ],
            [
                0.20611006021499635,
                0.9779141545295715,
                0.03467760235071182,
                0.0
            ],
            [
                -0.003452335251495242,
                -0.0347115695476532,
                0.9993914365768433,
                0.0
            ],
            [
                0.0,
                0.0,
                0.0,
                1.0
            ]
        ],
        "distortion": [
            0.00011571214417926967,
            0.0001884981174953282,
            0.1238599568605423,
            -0.11078888177871704,
            0.010769498534500599
        ]
    }
}