{
    "color": {
        "height": 2054,
        "width": 2456,
        "F": [
            2343.454345703125,
            2343.454345703125
        ],
        "C": [
            1142.5203857421876,
            1057.2120361328126
        ],
        "distortionC": [
            1142.5203857421876,
            1057.2120361328126
        ],
        "translation": [
            -156.72854614257813,
            1.9090662002563477,
            -3.5660512447357179
        ],
        "rotation": [
            [
                0.9975239634513855,
                0.00622984254732728,
                0.07005125284194946,
                0.0
            ],
            [
                -0.005818038713186979,
                0.9999645948410034,
                -0.006081107072532177,
                0.0
            ],
            [
                -0.07008665800094605,
                0.005658488720655441,
                0.9975248575210571,
                0.0
            ],
            [
                0.0,
                0.0,
                0.0,
                1.0
            ]
        ],
        "distortion": [
            -0.000694582297001034,
            -0.0005564505700021982,
            -0.08380840718746185,
            0.13215401768684388,
            -0.08090788871049881
        ]
    },
    "ir": {
        "height": 0,
        "width": 0,
        "F": [
            1.0,
            1.0
        ],
        "C": [
            0.0,
            0.0
        ],
        "distortionC": [
            0.0,
            0.0
        ],
        "translation": [
            0.0,
            0.0,
            0.0
        ],
        "rotation": [
            [
                1.0,
                0.0,
                0.0,
                0.0
            ],
            [
                0.0,
                1.0,
                0.0,
                0.0
            ],
            [
                0.0,
                0.0,
                1.0,
                0.0
            ],
            [
                0.0,
                0.0,
                0.0,
                1.0
            ]
        ],
        "distortion": [
            0.0,
            0.0,
            0.0,
            0.0,
            0.0
        ]
    }
}