{
    "color": {
        "height": 2054,
        "width": 2456,
        "F": [
            2338.56591796875,
            2338.56591796875
        ],
        "C": [
            1262.6483154296876,
            1036.401123046875
        ],
        "distortionC": [
            1262.6483154296876,
            1036.401123046875
        ],
        "translation": [
            -54.31747817993164,
            -1.4501817226409913,
            -3.924194574356079
        ],
        "rotation": [
            [
                0.9999808669090271,
                0.005087864585220814,
                0.003518093144521117,
                0.0
            ],
            [
                -0.005071229301393032,
                0.9999759793281555,
                -0.00472138449549675,
                0.0
            ],
            [
                -0.0035420304629951717,
                0.0047034528106451038,
                0.9999826550483704,
                0.0
            ],
            [
                0.0,
                0.0,
                0.0,
                1.0
            ]
        ],
        "distortion": [
            0.0001244936283910647,
            -0.0001315560075454414,
            -0.08557681739330292,
            0.14202304184436799,
            -0.08650538325309754
        ]
    },
    "ir": {
        "height": 1024,
        "width": 1280,
        "F": [
            959.5796508789063,
            959.5796508789063
        ],
        "C": [
            616.0487670898438,
            494.96673583984377
        ],
        "distortionC": [
            616.0487670898438,
            494.96673583984377
        ],
        "translation": [
            61.7945556640625,
            -314.379150390625,
            1.98019278049469
        ],
        "rotation": [
            [
                0.9797167778015137,
                -0.20006921887397767,
                0.01128515973687172,
                0.0
            ],
            [
                0.1995079517364502,
                0.9791397452354431,
                0.03849635645747185,
                0.0
            ],
            [
                -0.018751684576272966,
                -0.03546404466032982,
                0.9991950392723084,
                0.0
            ],
            [
                0.0,
                0.0,
                0.0,
                1.0
            ]
        ],
        "distortion": [
            0.0005353050073608756,
            -0.00029807494138367474,
            0.12333794683218003,
            -0.10915971547365189,
            0.010229883715510369
        ]
    }
}