{
    "color": {
        "height": 2054,
        "width": 2456,
        "F": [
            2342.712646484375,
            2342.712646484375
        ],
        "C": [
            1247.0286865234376,
            1038.27392578125
        ],
        "distortionC": [
            1247.0286865234376,
            1038.27392578125
        ],
        "translation": [
            -352.6582336425781,
            -3.5374932289123537,
            9.912186622619629
        ],
        "rotation": [
            [
                0.9966064095497131,
                0.0016649067401885987,
                0.08229737728834152,
                0.0
            ],
            [
                -0.001183076179586351,
                0.9999818801879883,
                -0.005903168115764856,
                0.0
            ],
            [
                -0.08230571448802948,
                0.005785771179944277,
                0.9965903162956238,
                0.0
            ],
            [
                0.0,
                0.0,
                0.0,
                1.0
            ]
        ],
        "distortion": [
            -0.0005210123490542173,
            -0.00048642244655638933,
            -0.07720793783664704,
            0.11112495511770249,
            -0.04836159199476242
        ]
    },
    "ir": {
        "height": 0,
        "width": 0,
        "F": [
            1.0,
            1.0
        ],
        "C": [
            0.0,
            0.0
        ],
        "distortionC": [
            0.0,
            0.0
        ],
        "translation": [
            0.0,
            0.0,
            0.0
        ],
        "rotation": [
            [
                1.0,
                0.0,
                0.0,
                0.0
            ],
            [
                0.0,
                1.0,
                0.0,
                0.0
            ],
            [
                0.0,
                0.0,
                1.0,
                0.0
            ],
            [
                0.0,
                0.0,
                0.0,
                1.0
            ]
        ],
        "distortion": [
            0.0,
            0.0,
            0.0,
            0.0,
            0.0
        ]
    }
}