{
    "color": {
        "height": 2054,
        "width": 2456,
        "F": [
            2344.506591796875,
            2344.506591796875
        ],
        "C": [
            1219.01513671875,
            1011.5322875976563
        ],
        "distortionC": [
            1219.01513671875,
            1011.5322875976563
        ],
        "translation": [
            -347.4452209472656,
            -1.3516210317611695,
            10.622757911682129
        ],
        "rotation": [
            [
                0.9961525201797485,
                -0.0015966269420459867,
                0.08762177079916,
                0.0
            ],
            [
                0.0018207273678854108,
                0.9999952912330627,
                -0.0024777273647487165,
                0.0
            ],
            [
                -0.0876174047589302,
                0.002627729903906584,
                0.9961507320404053,
                0.0
            ],
            [
                0.0,
                0.0,
                0.0,
                1.0
            ]
        ],
        "distortion": [
            0.00006686440610792488,
            -0.0005200992454774678,
            -0.07390221208333969,
            0.10293882340192795,
            -0.035598646849393848
        ]
    },
    "ir": {
        "height": 0,
        "width": 0,
        "F": [
            1.0,
            1.0
        ],
        "C": [
            0.0,
            0.0
        ],
        "distortionC": [
            0.0,
            0.0
        ],
        "translation": [
            0.0,
            0.0,
            0.0
        ],
        "rotation": [
            [
                1.0,
                0.0,
                0.0,
                0.0
            ],
            [
                0.0,
                1.0,
                0.0,
                0.0
            ],
            [
                0.0,
                0.0,
                1.0,
                0.0
            ],
            [
                0.0,
                0.0,
                0.0,
                1.0
            ]
        ],
        "distortion": [
            0.0,
            0.0,
            0.0,
            0.0,
            0.0
        ]
    }
}