{
    "color": {
        "height": 2054,
        "width": 2456,
        "F": [
            2347.416748046875,
            2347.416748046875
        ],
        "C": [
            1209.9232177734376,
            1073.306640625
        ],
        "distortionC": [
            1209.9232177734376,
            1073.306640625
        ],
        "translation": [
            -47.64574432373047,
            0.9775722622871399,
            -4.3347625732421879
        ],
        "rotation": [
            [
                0.9997670650482178,
                0.0020208945497870447,
                0.021488573402166368,
                0.0
            ],
            [
                -0.00186197180300951,
                0.9999707937240601,
                -0.007413124665617943,
                0.0
            ],
            [
                -0.02150292694568634,
                0.0073713865131139759,
                0.9997416138648987,
                0.0
            ],
            [
                0.0,
                0.0,
                0.0,
                1.0
            ]
        ],
        "distortion": [
            0.00032685158657841384,
            -0.0005856071365997195,
            -0.08228721469640732,
            0.1225842759013176,
            -0.06101066991686821
        ]
    },
    "ir": {
        "height": 1024,
        "width": 1280,
        "F": [
            957.7338256835938,
            957.7338256835938
        ],
        "C": [
            625.0046997070313,
            499.9861145019531
        ],
        "distortionC": [
            625.0046997070313,
            499.9861145019531
        ],
        "translation": [
            65.13387298583985,
            -313.31060791015627,
            4.7874298095703129
        ],
        "rotation": [
            [
                0.978093147277832,
                -0.2080293446779251,
                -0.007588464766740799,
                0.0
            ],
            [
                0.20813436806201936,
                0.97663414478302,
                0.0535338893532753,
                0.0
            ],
            [
                -0.0037254656199365856,
                -0.053940549492836,
                0.9985371828079224,
                0.0
            ],
            [
                0.0,
                0.0,
                0.0,
                1.0
            ]
        ],
        "distortion": [
            0.0003540428588166833,
            0.00011713007552316412,
            0.12196464836597443,
            -0.09847021102905274,
            -0.003938796930015087
        ]
    }
}