{
    "color": {
        "height": 2054,
        "width": 2456,
        "F": [
            2347.6455078125,
            2347.6455078125
        ],
        "C": [
            1239.414306640625,
            1015.3780517578125
        ],
        "distortionC": [
            1239.414306640625,
            1015.3780517578125
        ],
        "translation": [
            -49.48428726196289,
            -1.1288819313049317,
            -6.4865498542785648
        ],
        "rotation": [
            [
                0.9977144002914429,
                0.0005252098781056702,
                0.06757023930549622,
                0.0
            ],
            [
                -0.0001475914177717641,
                0.9999843239784241,
                -0.005593402776867151,
                0.0
            ],
            [
                -0.06757211685180664,
                0.005570645909756422,
                0.9976988434791565,
                0.0
            ],
            [
                0.0,
                0.0,
                0.0,
                1.0
            ]
        ],
        "distortion": [
            -0.00013571168528869748,
            0.00033506358158774674,
            -0.08344855159521103,
            0.13489073514938355,
            -0.07814229279756546
        ]
    },
    "ir": {
        "height": 1024,
        "width": 1280,
        "F": [
            959.0167236328125,
            959.0167236328125
        ],
        "C": [
            632.2297973632813,
            539.1469116210938
        ],
        "distortionC": [
            632.2297973632813,
            539.1469116210938
        ],
        "translation": [
            42.992462158203128,
            -195.28518676757813,
            3.627650260925293
        ],
        "rotation": [
            [
                0.9756643176078796,
                -0.21897517144680024,
                -0.011358334682881832,
                0.0
            ],
            [
                0.21925471723079682,
                0.9736858606338501,
                0.06215460225939751,
                0.0
            ],
            [
                -0.0025508643593639137,
                -0.0631323978304863,
                0.9980018734931946,
                0.0
            ],
            [
                0.0,
                0.0,
                0.0,
                1.0
            ]
        ],
        "distortion": [
            -0.0004376500437501818,
            -0.00046295905485749245,
            0.12768441438674928,
            -0.11678734421730042,
            0.017049934715032579
        ]
    }
}