{
    "color": {
        "height": 2054,
        "width": 2456,
        "F": [
            2333.914794921875,
            2333.914794921875
        ],
        "C": [
            1181.89013671875,
            1036.0040283203126
        ],
        "distortionC": [
            1181.89013671875,
            1036.0040283203126
        ],
        "translation": [
            -154.4984130859375,
            -0.4177680015563965,
            -6.305621147155762
        ],
        "rotation": [
            [
                0.9975948929786682,
                0.003006712766364217,
                0.06924911588430405,
                0.0
            ],
            [
                -0.0026296100113540889,
                0.9999812245368958,
                -0.005536112934350967,
                0.0
            ],
            [
                -0.06926446408033371,
                0.005340700037777424,
                0.9975840449333191,
                0.0
            ],
            [
                0.0,
                0.0,
                0.0,
                1.0
            ]
        ],
        "distortion": [
            0.00010808421939145774,
            -0.00009239622158929706,
            -0.08148811012506485,
            0.132698655128479,
            -0.07790549844503403
        ]
    },
    "ir": {
        "height": 0,
        "width": 0,
        "F": [
            1.0,
            1.0
        ],
        "C": [
            0.0,
            0.0
        ],
        "distortionC": [
            0.0,
            0.0
        ],
        "translation": [
            0.0,
            0.0,
            0.0
        ],
        "rotation": [
            [
                1.0,
                0.0,
                0.0,
                0.0
            ],
            [
                0.0,
                1.0,
                0.0,
                0.0
            ],
            [
                0.0,
                0.0,
                1.0,
                0.0
            ],
            [
                0.0,
                0.0,
                0.0,
                1.0
            ]
        ],
        "distortion": [
            0.0,
            0.0,
            0.0,
            0.0,
            0.0
        ]
    }
}