{
    "color": {
        "height": 2054,
        "width": 2456,
        "F": [
            2341.8310546875,
            2341.8310546875
        ],
        "C": [
            1237.5445556640626,
            1018.9820556640625
        ],
        "distortionC": [
            1237.5445556640626,
            1018.9820556640625
        ],
        "translation": [
            -50.58365249633789,
            -0.8552287817001343,
            -1.7044343948364258
        ],
        "rotation": [
            [
                0.9974892735481262,
                -0.007154185324907303,
                0.07045581191778183,
                0.0
            ],
            [
                0.006563662551343441,
                0.9999414086341858,
                0.008609412238001824,
                0.0
            ],
            [
                -0.0705132782459259,
                -0.008125348016619683,
                0.9974777698516846,
                0.0
            ],
            [
                0.0,
                0.0,
                0.0,
                1.0
            ]
        ],
        "distortion": [
            -0.0010748638305813075,
            0.0006287822034209967,
            -0.08243158459663391,
            0.12619955837726594,
            -0.06066281348466873
        ]
    },
    "ir": {
        "height": 1024,
        "width": 1280,
        "F": [
            954.2088623046875,
            954.2088623046875
        ],
        "C": [
            648.5526733398438,
            518.5827026367188
        ],
        "distortionC": [
            648.5526733398438,
            518.5827026367188
        ],
        "translation": [
            40.2674674987793,
            -196.13211059570313,
            4.692832946777344
        ],
        "rotation": [
            [
                0.9808812141418457,
                -0.19456742703914643,
                -0.003947816323488951,
                0.0
            ],
            [
                0.19443419575691224,
                0.9789502620697022,
                0.062062449753284457,
                0.0
            ],
            [
                -0.008210615254938603,
                -0.06164348125457764,
                0.9980644583702087,
                0.0
            ],
            [
                0.0,
                0.0,
                0.0,
                1.0
            ]
        ],
        "distortion": [
            -0.0006299590459093452,
            -0.0012873167870566249,
            0.12802749872207642,
            -0.11390689015388489,
            0.013937295414507389
        ]
    }
}