{
    "color": {
        "height": 2054,
        "width": 2456,
        "F": [
            2338.962158203125,
            2338.962158203125
        ],
        "C": [
            1210.9637451171876,
            1023.9428100585938
        ],
        "distortionC": [
            1210.9637451171876,
            1023.9428100585938
        ],
        "translation": [
            -351.7765197753906,
            0.722553551197052,
            12.325735092163086
        ],
        "rotation": [
            [
                0.9956604838371277,
                -0.0025001391768455507,
                0.0930265411734581,
                0.0
            ],
            [
                0.0032775327563285829,
                0.9999609589576721,
                -0.008204842917621136,
                0.0
            ],
            [
                -0.09300240129232407,
                0.008474134840071202,
                0.9956298470497131,
                0.0
            ],
            [
                0.0,
                0.0,
                0.0,
                1.0
            ]
        ],
        "distortion": [
            -0.0002712300920393318,
            -0.0010889399563893676,
            -0.07971003651618958,
            0.12064756453037262,
            -0.05912778899073601
        ]
    },
    "ir": {
        "height": 0,
        "width": 0,
        "F": [
            1.0,
            1.0
        ],
        "C": [
            0.0,
            0.0
        ],
        "distortionC": [
            0.0,
            0.0
        ],
        "translation": [
            0.0,
            0.0,
            0.0
        ],
        "rotation": [
            [
                1.0,
                0.0,
                0.0,
                0.0
            ],
            [
                0.0,
                1.0,
                0.0,
                0.0
            ],
            [
                0.0,
                0.0,
                1.0,
                0.0
            ],
            [
                0.0,
                0.0,
                0.0,
                1.0
            ]
        ],
        "distortion": [
            0.0,
            0.0,
            0.0,
            0.0,
            0.0
        ]
    }
}